business_id,name,category,city,state,address,phone,website,google_maps_link,tags,jeep_note,source,osm_id,lat,lon
cornerstone-auto-glass-new-tampa-fl,Cornerstone Auto Glass New Tampa,Auto Glass and Windshield,Tampa,FL,"19456, Paddock View Drive, Tampa, FL, 33647",+1-727-809-0699,https://cornerstoneglassrepair.com,"https://www.google.com/maps?q=28.166646,-82.297013","auto-glass, windshield",,OSM,node/6390284293,28.1666458,-82.2970127
florida-prime-glass-fl,Florida Prime Glass,Auto Glass and Windshield,,FL,FL,+1 855-377-4634,https://www.floridaprimeglass.com/,"https://www.google.com/maps?q=26.370393,-80.125805","auto-glass, windshield",,OSM,node/13091351266,26.370393,-80.1258054
homestead-glass-co-fl,Homestead Glass Co,Auto Glass and Windshield,Homestead,FL,"515, N Krome Ave, Homestead, FL, 33030",+1 305-247-5025,https://homesteadglass.com,"https://www.google.com/maps?q=25.474626,-80.477260","auto-glass, windshield",,OSM,node/9791865199,25.4746263,-80.4772598
mike-s-auto-glass-express-fl,Mike's Auto Glass Express,Auto Glass and Windshield,Tampa,FL,"8512, North Florida Avenue, Tampa, FL, 33604",+1-813-833-2973,https://www.nationsautoglass.com,"https://www.google.com/maps?q=28.027725,-82.459926","auto-glass, windshield",,OSM,node/12313719390,28.0277249,-82.4599258
mike-s-auto-glass-tampa-fl,Mike's Auto Glass Tampa,Auto Glass and Windshield,Tampa,FL,"4901, North Armenia Avenue, Tampa, FL, 33603",+1-813-876-4115,,"https://www.google.com/maps?q=27.990814,-82.484117","auto-glass, windshield",,OSM,node/12313856981,27.9908142,-82.4841175
lizotte-s-welding-fl,Lizotte's Welding,Fabrication and Welding (4x4),,FL,"3303, Tyrone Boulevard North, FL",+1-727-343-7690,http://www.lizottewelding.net/,"https://www.google.com/maps?q=27.802256,-82.741798","fabrication, welding, 4x4",,OSM,way/228264526,27.8022565,-82.7417976
aaa-million-auto-parts-fl,AAA Million Auto Parts,Parts Shops and 4x4 Retailers,Miami,FL,"311, Southwest 22nd Avenue, Miami, FL, 33135",,https://www.aaamillion.com/,"https://www.google.com/maps?q=25.769395,-80.230461","parts, retail",,OSM,way/435739811,25.7693947,-80.2304611
advance-auto-parts-fl-7,Advance Auto Parts,Parts Shops and 4x4 Retailers,Margate,FL,"7912, West Sample Road, Margate, FL, 33065",+1 954-752-4702,https://stores.advanceautoparts.com/fl/margate/7912-w-sample-rd,"https://www.google.com/maps?q=26.271731,-80.231542","parts, retail",,OSM,node/4741640771,26.2717306,-80.2315416
advance-auto-parts-fl-8,Advance Auto Parts,Parts Shops and 4x4 Retailers,Pembroke Park,FL,"3000, West Hallandale Bouleva, Pembroke Park, FL, 33009",+1-954-455-0042,https://stores.advanceautoparts.com/fl/pembroke-park/3000-west-hallandale-boulevard,"https://www.google.com/maps?q=25.984337,-80.166355","parts, retail",,OSM,node/5700682171,25.9843372,-80.1663553
advance-auto-parts-fl-3,Advance Auto Parts,Parts Shops and 4x4 Retailers,Boca Raton,FL,"21775, State Road 7, Boca Raton, FL, 33428",+1 561-487-5309,https://stores.advanceautoparts.com/fl/boca-raton/21775-state-road-7,"https://www.google.com/maps?q=26.352210,-80.203953","parts, retail",,OSM,node/12623342388,26.3522095,-80.203953
advance-auto-parts-fl-5,Advance Auto Parts,Parts Shops and 4x4 Retailers,North Miami Beach,FL,"295, Northeast 167th Street, North Miami Beach, FL, 33162",+1-786-654-5511,https://stores.advanceautoparts.com/fl/north-miami-beach/295-ne-167th-st,"https://www.google.com/maps?q=25.928878,-80.194909","parts, retail",,OSM,node/13188032577,25.9288785,-80.1949088
advance-auto-parts-fl-19,Advance Auto Parts,Parts Shops and 4x4 Retailers,Miami,FL,"12120, Southwest 117th Avenue, Miami, FL, 33186",+1-305-251-0452,https://stores.advanceautoparts.com/fl/miami/12120-sw-117th-ave,"https://www.google.com/maps?q=25.656025,-80.384031","parts, retail",,OSM,way/286204168,25.6560248,-80.3840306
advance-auto-parts-fl-10,Advance Auto Parts,Parts Shops and 4x4 Retailers,Valrico,FL,"1029, Bloomingdale Avenue, Valrico, FL, 33594",+1-813-643-2196,https://stores.advanceautoparts.com/fl/valrico/1029-bloomingdale-ave,"https://www.google.com/maps?q=27.893238,-82.267276","parts, retail",,OSM,node/5700922951,27.8932377,-82.2672756
advance-auto-parts-fl-9,Advance Auto Parts,Parts Shops and 4x4 Retailers,Winter Springs,FL,"380, East State Hwy 434, Winter Springs, FL, 32708",+1-407-327-6169,https://stores.advanceautoparts.com/fl/winter-springs/380-e-state-road-434,"https://www.google.com/maps?q=28.699485,-81.301484","parts, retail",,OSM,node/5700835887,28.699485,-81.301484
advance-auto-parts-fl,Advance Auto Parts,Parts Shops and 4x4 Retailers,Orlando,FL,"1479 East, Michigan Street, Orlando, FL, 32806",+1-407-895-9527,https://stores.advanceautoparts.com/fl/orlando/1479-e-michigan-st,"https://www.google.com/maps?q=28.513374,-81.361216","parts, retail, 4x4",4x4 focused,OSM,node/10798810360,28.5133742,-81.3612165
advance-auto-parts-fl-29,Advance Auto Parts,Parts Shops and 4x4 Retailers,Jacksonville,FL,"2676, Race Track Road, Jacksonville, FL, 32259",+1-904-900-7272,https://stores.advanceautoparts.com/fl/jacksonville/2676-race-track-rd,"https://www.google.com/maps?q=30.114102,-81.592942","parts, retail",,OSM,way/971742380,30.1141016,-81.5929418
advance-auto-parts-fl-20,Advance Auto Parts,Parts Shops and 4x4 Retailers,Fort Myers,FL,"11591, Gladiolus Drive, Fort Myers, FL, 33908",+1-239-437-7065,https://stores.advanceautoparts.com/fl/fort-myers/11591-gladiolus-dr,"https://www.google.com/maps?q=26.515454,-81.942424","parts, retail",,OSM,way/288427785,26.5154536,-81.9424241
advance-auto-parts-fl-22,Advance Auto Parts,Parts Shops and 4x4 Retailers,,FL,"12114, US 301 (FL), FL, 33592",+1-813-982-2283,http://www.advanceautoparts.com/,"https://www.google.com/maps?q=28.064976,-82.306502","parts, retail, 4x4",4x4 focused,OSM,way/401323059,28.0649758,-82.3065017
advance-auto-parts-fl-11,Advance Auto Parts,Parts Shops and 4x4 Retailers,West Miami,FL,"6520, Southwest 8th Street, West Miami, FL, 33144",,https://stores.advanceautoparts.com/fl/west-miami/6520-sw-8th-st,"https://www.google.com/maps?q=25.762769,-80.302336","parts, retail",,OSM,node/7389740903,25.7627693,-80.3023356
advance-auto-parts-fl-2,Advance Auto Parts,Parts Shops and 4x4 Retailers,Fort Lauderdale,FL,"821, West Broward Boulevard, Fort Lauderdale, FL, 33312",,https://stores.advanceautoparts.com/fl/fort-lauderdale/821-w-broward-blvd,"https://www.google.com/maps?q=26.122342,-80.153060","parts, retail",,OSM,node/11059909552,26.1223424,-80.1530605
advance-auto-parts-fl-21,Advance Auto Parts,Parts Shops and 4x4 Retailers,Hialeah,FL,"7500, Northwest 186th Street, Hialeah, FL, 33015",,https://stores.advanceautoparts.com/fl/miami-gardens/7500-nw-186th-st,"https://www.google.com/maps?q=25.941613,-80.321559","parts, retail",,OSM,way/295111272,25.9416126,-80.3215594
advance-auto-parts-fl-23,Advance Auto Parts,Parts Shops and 4x4 Retailers,Hallandale Beach,FL,"117, Federal Highway, Hallandale Beach, FL, 33009",,https://stores.advanceautoparts.com/fl/hallandale-beach/117-n-federal-hwy,"https://www.google.com/maps?q=25.987476,-80.142856","parts, retail",,OSM,way/435144550,25.987476,-80.1428562
advance-auto-parts-fl-24,Advance Auto Parts,Parts Shops and 4x4 Retailers,Miami Springs,FL,"4100, Northwest 72nd Avenue, Miami Springs, FL, 33166",,https://stores.advanceautoparts.com/fl/miami/4100-nw-72nd-ave,"https://www.google.com/maps?q=25.811977,-80.313724","parts, retail",,OSM,way/435520631,25.8119773,-80.3137237
advance-auto-parts-fl-25,Advance Auto Parts,Parts Shops and 4x4 Retailers,North Miami,FL,"14301, West Dixie Highway, North Miami, FL, 33161",,https://stores.advanceautoparts.com/fl/north-miami/14301-w-dixie-hwy,"https://www.google.com/maps?q=25.907701,-80.170200","parts, retail",,OSM,way/436040668,25.9077008,-80.1702
advance-auto-parts-fl-27,Advance Auto Parts,Parts Shops and 4x4 Retailers,Dania Beach,FL,"1750, Stirling Road, Dania Beach, FL, 33004",,https://stores.advanceautoparts.com/fl/dania-beach/1750-stirling-rd,"https://www.google.com/maps?q=26.048802,-80.157173","parts, retail",,OSM,way/661162172,26.0488023,-80.1571728
advance-auto-parts-fl-28,Advance Auto Parts,Parts Shops and 4x4 Retailers,Pembroke Pines,FL,"303, North University Drive, Pembroke Pines, FL, 33024",,https://stores.advanceautoparts.com/fl/pembroke-pines/303-n-university-dr,"https://www.google.com/maps?q=26.012910,-80.247473","parts, retail",,OSM,way/957900659,26.0129096,-80.2474735
advance-auto-parts-fl-12,Advance Auto Parts,Parts Shops and 4x4 Retailers,North Lauderdale,FL,"7522, Southgate Boulevard, North Lauderdale, FL, 33068",,https://stores.advanceautoparts.com/fl/north-lauderdale/7522-southgate-blvd,"https://www.google.com/maps?q=26.227703,-80.226130","parts, retail",,OSM,way/1097381453,26.2277027,-80.2261297
advance-auto-parts-fl-13,Advance Auto Parts,Parts Shops and 4x4 Retailers,Miami Beach,FL,"957, Normandy Drive, Miami Beach, FL, 33141",,https://stores.advanceautoparts.com/fl/miami-beach/957-normandy-dr,"https://www.google.com/maps?q=25.856044,-80.129295","parts, retail",,OSM,way/1305549327,25.8560436,-80.1292953
advance-auto-parts-fl-6,Advance Auto Parts,Parts Shops and 4x4 Retailers,Largo,FL,"10500, Seminole Blvd, Largo, FL, 33778",,https://stores.advanceautoparts.com/fl/largo/13015-seminole-blvd,"https://www.google.com/maps?q=27.891723,-82.786647","parts, retail",,OSM,node/2027063800,27.8917231,-82.7866465
advance-auto-parts-fl-4,Advance Auto Parts,Parts Shops and 4x4 Retailers,Tampa,FL,"8427, west hillsborough avenue, Tampa, FL, 33615",+1-813-886-4139,,"https://www.google.com/maps?q=27.997204,-82.579131","parts, retail",,OSM,node/12713784913,27.9972041,-82.5791306
advance-auto-parts-fl-14,Advance Auto Parts,Parts Shops and 4x4 Retailers,Saint Petersburg,FL,"5601, 34th Street North, Saint Petersburg, FL",,https://stores.advanceautoparts.com/fl/saint-petersburg/5601-34th-st-n,"https://www.google.com/maps?q=27.823224,-82.679022","parts, retail",,OSM,way/162042311,27.823224,-82.6790217
advance-auto-parts-fl-15,Advance Auto Parts,Parts Shops and 4x4 Retailers,Dunedin,FL,"Main St, Dunedin, FL, 33761",,https://stores.advanceautoparts.com/fl/dunedin/1915-main-st,"https://www.google.com/maps?q=28.018848,-82.754388","parts, retail",,OSM,way/173664476,28.0188477,-82.7543879
advance-auto-parts-fl-16,Advance Auto Parts,Parts Shops and 4x4 Retailers,Pinellas Park,FL,"Park Boulevard, Pinellas Park, FL",,https://stores.advanceautoparts.com/fl/pinellas-park/6301-park-blvd-n,"https://www.google.com/maps?q=27.839606,-82.722962","parts, retail",,OSM,way/192508207,27.8396063,-82.722962
advance-auto-parts-fl-17,Advance Auto Parts,Parts Shops and 4x4 Retailers,Clearwater,FL,"22991, US 19 Northbound Frontage Road, Clearwater, FL, 33765",+1-727-443-4564,https://stores.advanceautoparts.com/fl/clearwater/22991-us-highway-19-n,"https://www.google.com/maps?q=27.981741,-82.729023","parts, retail",,OSM,way/192575567,27.9817412,-82.7290229
advance-auto-parts-fl-18,Advance Auto Parts,Parts Shops and 4x4 Retailers,Seminole,FL,"7399, Seminole Boulevard, Seminole, FL, 33772",,https://stores.advanceautoparts.com/fl/seminole/7399-seminole-blvd,"https://www.google.com/maps?q=27.839233,-82.786659","parts, retail",,OSM,way/227003464,27.8392335,-82.7866592
advance-auto-parts-fl-26,Advance Auto Parts,Parts Shops and 4x4 Retailers,Apopka,FL,"1400, Rock Springs Road, Apopka, FL, 32712",,https://stores.advanceautoparts.com/fl/apopka/1400-rock-springs-rd,"https://www.google.com/maps?q=28.703780,-81.509832","parts, retail",,OSM,way/611669269,28.70378,-81.5098317
advanced-auto-parts-fl,Advanced Auto Parts,Parts Shops and 4x4 Retailers,,FL,"12731, Trade Center Drive, FL, 34135",+1 239-390-1048,,"https://www.google.com/maps?q=26.330792,-81.743282","parts, retail",,OSM,node/12200477604,26.3307918,-81.7432824
advanced-discount-auto-parts-fl,Advanced Discount Auto Parts,Parts Shops and 4x4 Retailers,,FL,FL,,https://stores.advanceautoparts.com/fl/tampa/3402-e-hillsborough-ave,"https://www.google.com/maps?q=27.996490,-82.421939","parts, retail",,OSM,node/1669573793,27.9964904,-82.4219392
arrow-toppers-fl,Arrow Toppers,Parts Shops and 4x4 Retailers,Pinellas Park,FL,"102nd Ave N, Pinellas Park, FL, 33782",+1-727-573-1800,,"https://www.google.com/maps?q=27.864230,-82.699417","parts, retail",,OSM,node/1770044181,27.86423,-82.699417
autozone-fl-6,AutoZone,Parts Shops and 4x4 Retailers,Miami,FL,"59, Northeast 79th Street, Miami, FL, 33138",+13057574866,https://www.autozone.com/locations/fl/miami/59-ne-79th-st.html,"https://www.google.com/maps?q=25.847874,-80.195881","parts, retail",,OSM,node/358728152,25.8478742,-80.1958809
autozone-fl-7,AutoZone,Parts Shops and 4x4 Retailers,West Miami,FL,"6010, Southwest 8th Street, West Miami, FL, 33144",+1-305-267-6747,https://www.autozone.com/locations/fl/west-miami/6010-sw-8th-st.html,"https://www.google.com/maps?q=25.762916,-80.293620","parts, retail",,OSM,node/7524329314,25.7629156,-80.2936201
autozone-fl-3,AutoZone,Parts Shops and 4x4 Retailers,North Miami,FL,"13903, West Dixie Highway, North Miami, FL, 33161",+13058918004,https://www.autozone.com/locations/fl/north-miami/13903-w-dixie-hwy.html,"https://www.google.com/maps?q=25.904005,-80.173749","parts, retail",,OSM,node/13577882569,25.904005,-80.173749
autozone-fl-17,AutoZone,Parts Shops and 4x4 Retailers,Sunrise,FL,"3001, North University Drive, Sunrise, FL, 33322",+1 954 742 3814,https://www.autozone.com/locations/fl/sunrise/3001-n-university-dr.html,"https://www.google.com/maps?q=26.162577,-80.257765","parts, retail",,OSM,way/385897742,26.1625772,-80.2577648
autozone-fl-18,AutoZone,Parts Shops and 4x4 Retailers,Cutler Bay,FL,"19525, South Dixie Highway, Cutler Bay, FL, 33157",+1-786-732-8305,https://www.autozone.com/locations/fl/cutler-bay/19525-s-dixie-hwy.html,"https://www.google.com/maps?q=25.586179,-80.361552","parts, retail",,OSM,way/435540598,25.5861789,-80.3615516
autozone-fl-21,AutoZone,Parts Shops and 4x4 Retailers,Plantation,FL,"801, State Road 7, Plantation, FL, 33317",+1-954-583-8717,https://www.autozone.com/locations/fl/plantation/801-s-state-rd-7.html,"https://www.google.com/maps?q=26.111091,-80.202223","parts, retail",,OSM,way/638304684,26.1110913,-80.2022232
autozone-fl-15,AutoZone,Parts Shops and 4x4 Retailers,Clearwater,FL,"1675, Gulf to Bay Boulevard, Clearwater, FL, 33755",+1-727-443-4882,https://www.autozone.com/locations/fl/clearwater/1675-gulf-to-bay-blvd.html,"https://www.google.com/maps?q=27.960136,-82.767427","parts, retail",,OSM,way/236786302,27.9601362,-82.7674272
autozone-fl-19,AutoZone,Parts Shops and 4x4 Retailers,Largo,FL,"200, Starkey Road, Largo, FL, 33771",+1-727-518-0161,https://www.autozone.com/locations/fl/largo/200-starkey-rd.html,"https://www.google.com/maps?q=27.915266,-82.763051","parts, retail",,OSM,way/525012109,27.9152661,-82.763051
autozone-fl-9,AutoZone,Parts Shops and 4x4 Retailers,Kissimmee,FL,"3294, John Young Parkway, Kissimmee, FL, 34746",+1-407-552-0355,https://www.autozone.com/locations/fl/kissimmee/3294-s-john-young-pkwy.html,"https://www.google.com/maps?q=28.260473,-81.435183","parts, retail",,OSM,node/8604462369,28.260473,-81.4351832
autozone-fl,AutoZone,Parts Shops and 4x4 Retailers,Orlando,FL,"8103, Lee Vista Boulevard, Orlando, FL, 32829",+1-407-533-6532,https://www.autozone.com/locations/fl/orlando/8103-lee-vista.html,"https://www.google.com/maps?q=28.466593,-81.274988","parts, retail",,OSM,node/10981503346,28.4665933,-81.2749883
autozone-fl-10,AutoZone,Parts Shops and 4x4 Retailers,Jacksonville,FL,"300, Bartram Market Drive, Jacksonville, FL, 32259",+1-904-417-9073,https://www.autozone.com/locations/fl/saint-johns/300-bartram-market-drive.html,"https://www.google.com/maps?q=30.102116,-81.520290","parts, retail",,OSM,way/1025572952,30.1021159,-81.5202898
autozone-fl-4,AutoZone,Parts Shops and 4x4 Retailers,Miami Gardens,FL,"200, Northwest 191st Street, Miami Gardens, FL, 33169",+13052497990,,"https://www.google.com/maps?q=25.949499,-80.205953","parts, retail",,OSM,node/13600659602,25.9494989,-80.2059533
autozone-fl-16,AutoZone,Parts Shops and 4x4 Retailers,Hialeah,FL,"5751, Northwest 183rd Street, Hialeah, FL, 33015",,https://www.autozone.com/locations/fl/hialeah/5751-nw-183rd-st.html,"https://www.google.com/maps?q=25.939860,-80.295434","parts, retail",,OSM,way/287993116,25.9398601,-80.2954338
autozone-fl-5,AutoZone,Parts Shops and 4x4 Retailers,Tampa,FL,"West Hillsborough Avenue, Tampa, FL, 33614",,https://www.autozone.com/locations/fl/tampa/1775-w-hillsborough-ave.html,"https://www.google.com/maps?q=27.996390,-82.478757","parts, retail",,OSM,node/1954798818,27.9963902,-82.478757
autozone-fl-14,AutoZone,Parts Shops and 4x4 Retailers,Pinellas Park,FL,"6465, Park Boulevard, Pinellas Park, FL, 33781",,https://www.autozone.com/locations/fl/pinellas-park/6465-park-blvd.html,"https://www.google.com/maps?q=27.839603,-82.725440","parts, retail",,OSM,way/192508094,27.8396027,-82.72544
autozone-fl-20,AutoZone,Parts Shops and 4x4 Retailers,Seminole,FL,"10890, Park Boulevard, Seminole, FL",,https://www.autozone.com/locations/fl/seminole/10890-park-blvd.html,"https://www.google.com/maps?q=27.839154,-82.789487","parts, retail",,OSM,way/525780217,27.8391545,-82.7894866
autozone-fl-11,AutoZone,Parts Shops and 4x4 Retailers,Zephyrhills,FL,"5350, Gall Boulevard, Zephyrhills, FL, 33542",+1-813-783-9228,,"https://www.google.com/maps?q=28.235740,-82.182321","parts, retail",,OSM,way/1026505732,28.2357404,-82.1823208
autozone-fl-12,AutoZone,Parts Shops and 4x4 Retailers,New Port Richey,FL,"6136, Ridge Road, New Port Richey, FL, 34668",,https://www.autozone.com/locations/fl/port-richey/6136-ridge-rd.html,"https://www.google.com/maps?q=28.279942,-82.712464","parts, retail",,OSM,way/1059426614,28.2799423,-82.712464
autozone-fl-23,AutoZone,Parts Shops and 4x4 Retailers,Saint Cloud,FL,"4841, Bronson Highway, Saint Cloud, FL, 34771",,https://www.autozone.com/locations/fl/saint-cloud/4841-e-irlo-bronson-memorial.html,"https://www.google.com/maps?q=28.246772,-81.246188","parts, retail",,OSM,way/891528917,28.2467715,-81.2461884
autozone-fl-13,AutoZone,Parts Shops and 4x4 Retailers,Davenport,FL,"1001, Champions Drive, Davenport, FL, 33897",+1-863-256-1144,,"https://www.google.com/maps?q=28.272221,-81.660706","parts, retail",,OSM,way/1342729799,28.2722207,-81.6607057
autozone-fl-22,AutoZone,Parts Shops and 4x4 Retailers,Saint Augustine,FL,"5465, FL 16, Saint Augustine, FL, 32092",,https://www.autozone.com/locations/fl/st-augustine/5465-state-road-16.html,"https://www.google.com/maps?q=29.963118,-81.493559","parts, retail",,OSM,way/769502574,29.9631184,-81.4935585
autozone-fl-2,AutoZone,Parts Shops and 4x4 Retailers,Fort Myers,FL,"8750, Gladiolus Drive, Fort Myers, FL, 33908",,https://stores.advanceautoparts.com/fl/fort-myers/8750-gladiolus-dr,"https://www.google.com/maps?q=26.521500,-81.900002","parts, retail",,OSM,node/11502239953,26.5214995,-81.9000024
autozone-fl-8,AutoZone,Parts Shops and 4x4 Retailers,,FL,FL,,https://www.autozone.com/locations/fl/delray-beach/1545-s-congress-st.html,"https://www.google.com/maps?q=26.440696,-80.091326","parts, retail, repair, mechanic",,OSM,node/7667473784,26.4406959,-80.0913261
electro-battery-inc-fl,Electro Battery Inc.,Parts Shops and 4x4 Retailers,Saint Petersburg,FL,"3138, 23rd Avenue North, Saint Petersburg, FL, 33713",,https://www.electrobatteryinc.com/,"https://www.google.com/maps?q=27.792502,-82.676286","parts, retail",,OSM,node/7066869655,27.7925015,-82.6762859
glenn-joiner-son-auto-parts-fl,Glenn Joiner & Son Auto Parts,Parts Shops and 4x4 Retailers,Apopka,FL,"250, East Third Street;East 3rd Street, Apopka, FL, 32703",+1-407-889-5222,https://www.napaonline.com/en/fl/apopka/store/30685?sdref=modal,"https://www.google.com/maps?q=28.673916,-81.506045","parts, retail",,OSM,node/8423289708,28.6739164,-81.5060453
glenn-joiner-son-automotive-supplies-fl,Glenn Joiner & Son Automotive Supplies,Parts Shops and 4x4 Retailers,Winter Garden,FL,"13202, West Colonial Drive, Winter Garden, FL, 34787",+1-407-656-4141,https://www.napaonline.com/en/fl/winter-garden/store/24937?sdref=modal,"https://www.google.com/maps?q=28.550418,-81.579025","parts, retail",,OSM,node/8423283437,28.5504185,-81.5790252
hobby-shop-garage-fl,Hobby Shop Garage,Parts Shops and 4x4 Retailers,Lighthouse Point,FL,"1941, Northeast 34th Court, Lighthouse Point, FL, 33064",+1-866-800-1941,https://www.hobbyshopgarage.com/,"https://www.google.com/maps?q=26.273298,-80.097033","parts, retail",,OSM,node/11381966078,26.2732979,-80.0970334
hornblasters-inc-fl,"HornBlasters, Inc.",Parts Shops and 4x4 Retailers,Tampa,FL,"6511, North 54th Street, Tampa, FL, 33610",+1-877-209-8179,https://hornblasters.com/,"https://www.google.com/maps?q=28.008580,-82.395197","parts, retail",,OSM,node/9395888852,28.0085796,-82.3951968
j-n-b-auto-parts-fl,J n B Auto Parts,Parts Shops and 4x4 Retailers,,FL,FL,+1-407-568-2131,,"https://www.google.com/maps?q=28.560774,-81.126790","parts, retail",,OSM,way/388362389,28.5607742,-81.1267902
just-brakes-fl,Just Brakes,Parts Shops and 4x4 Retailers,Pinellas Park,FL,"6790, US Highway 19 N, Pinellas Park, FL, 33781",+1-727-522-5188,,"https://www.google.com/maps?q=27.833586,-82.680890","parts, retail",,OSM,way/128965446,27.8335865,-82.6808899
mercantile-europarts-inc-fl,"Mercantile Europarts, Inc.",Parts Shops and 4x4 Retailers,Miami,FL,"6747, Southwest 8th Street, Miami, FL, 33144",+1-305-266-0507,http://meuroparts.com,"https://www.google.com/maps?q=25.763334,-80.304815","parts, retail",,OSM,node/4454912674,25.7633339,-80.3048146
napa-auto-parts-fl-2,NAPA Auto Parts,Parts Shops and 4x4 Retailers,Orlando,FL,"1140, South Rio Grande Avenue, Orlando, FL, 32805",+1-407-246-0684,https://www.napaonline.com/stores/fl/orlando/1140-s-rio-grande-ave?sdref=modal,"https://www.google.com/maps?q=28.527614,-81.401726","parts, retail",,OSM,node/8423239505,28.527614,-81.4017263
napa-auto-parts-fl-3,NAPA Auto Parts,Parts Shops and 4x4 Retailers,Oviedo,FL,"174A, East Mitchell Hammock Road, Oviedo, FL, 32765",+1-407-971-3061,https://www.napaonline.com/en/fl/oviedo/store/30175?sdref=modal,"https://www.google.com/maps?q=28.655304,-81.206515","parts, retail",,OSM,node/8423479138,28.6553037,-81.2065153
napa-auto-parts-fl,NAPA Auto Parts,Parts Shops and 4x4 Retailers,Saint Petersburg,FL,"2675, 54th Avenue North, Saint Petersburg, FL, 33714",+1-727-527-2181,,"https://www.google.com/maps?q=27.821609,-82.669759","parts, retail",,OSM,node/1739872463,27.821609,-82.669759
o-reilly-auto-parts-fl-3,O'Reilly Auto Parts,Parts Shops and 4x4 Retailers,Miami,FL,"14701, West Dixie Highway, Miami, FL, 33181",+17865283014,https://locations.oreillyauto.com/en-us/fl/miami/autoparts-6503.html,"https://www.google.com/maps?q=25.911276,-80.166560","parts, retail",,OSM,node/13577882570,25.9112758,-80.1665598
o-reilly-auto-parts-fl-5,O'Reilly Auto Parts,Parts Shops and 4x4 Retailers,Lauderhill,FL,"7940, West Commercial Boulevard, Lauderhill, FL, 33351",+1-954-947-0228,https://locations.oreillyauto.com/fl/lauderhill/autoparts-5315.html,"https://www.google.com/maps?q=26.193250,-80.257387","parts, retail",,OSM,way/1095774454,26.1932497,-80.2573874
o-reilly-auto-parts-fl-8,O'Reilly Auto Parts,Parts Shops and 4x4 Retailers,Clearwater,FL,"2355, Gulf to Bay Boulevard, Clearwater, FL, 33765",+1-727-725-2363,https://locations.oreillyauto.com/en-us/fl/clearwater/autoparts-4626.html,"https://www.google.com/maps?q=27.960007,-82.740082","parts, retail",,OSM,way/524969694,27.9600071,-82.7400818
o-reilly-auto-parts-fl-9,O'Reilly Auto Parts,Parts Shops and 4x4 Retailers,Largo,FL,"8651, Ulmerton Road, Largo, FL, 33771",+1-727-531-3081,https://locations.oreillyauto.com/fl/largo/autoparts-4413.html,"https://www.google.com/maps?q=27.895083,-82.758619","parts, retail",,OSM,way/525258251,27.8950829,-82.7586189
o-reilly-auto-parts-fl,O'Reilly Auto Parts,Parts Shops and 4x4 Retailers,Orlando,FL,"2512, South Orange Blossom Trail, Orlando, FL, 32805",+1-407-284-1900,https://locations.oreillyauto.com/fl/orlando/autoparts-4862.html,"https://www.google.com/maps?q=28.516134,-81.397240","parts, retail",,OSM,node/11534230951,28.5161338,-81.3972403
o-reilly-auto-parts-fl-10,O'Reilly Auto Parts,Parts Shops and 4x4 Retailers,jac,FL,"12510, san j, jac, FL, 32223",+1-904-292-1863,https://locations.oreillyauto.com/fl/jacksonville/autoparts-4586.html,"https://www.google.com/maps?q=30.141329,-81.633230","parts, retail",,OSM,way/608444580,30.1413286,-81.6332302
o-reilly-auto-parts-fl-7,O'Reilly Auto Parts,Parts Shops and 4x4 Retailers,Fort Myers,FL,"15681, San Carlos Boulevard, Fort Myers, FL, 33908",+1-239-215-1436,https://locations.oreillyauto.com/fl/fortmyers/autoparts-5035.html,"https://www.google.com/maps?q=26.512635,-81.943196","parts, retail",,OSM,way/523139215,26.5126346,-81.9431955
o-reilly-auto-parts-fl-2,O'Reilly Auto Parts,Parts Shops and 4x4 Retailers,Boca Raton,FL,"4040, North Dixie Highway, Boca Raton, FL, 33431",,https://locations.oreillyauto.com/fl/bocaraton/autoparts-5440.html,"https://www.google.com/maps?q=26.386741,-80.081000","parts, retail",,OSM,node/12070138946,26.3867408,-80.0809999
o-reilly-auto-parts-fl-6,O'Reilly Auto Parts,Parts Shops and 4x4 Retailers,Saint Petersburg,FL,"6398, 9th Street North, Saint Petersburg, FL, 33703",,https://locations.oreillyauto.com/fl/stpetersburg/autoparts-5418.html,"https://www.google.com/maps?q=27.829891,-82.647331","parts, retail",,OSM,way/43877603,27.8298911,-82.6473309
o-reilly-auto-parts-fl-11,O'Reilly Auto Parts,Parts Shops and 4x4 Retailers,Jacksonville,FL,"3842, Sunbeam Road, Jacksonville, FL, 32257",,https://locations.oreillyauto.com/fl/jacksonville/autoparts-2349.html,"https://www.google.com/maps?q=30.205172,-81.615484","parts, retail",,OSM,way/814019729,30.2051725,-81.6154837
o-reilly-auto-parts-fl-12,O'Reilly Auto Parts,Parts Shops and 4x4 Retailers,Lehigh Acres,FL,"5003, Lee Boulevard, Lehigh Acres, FL, 33971",,https://locations.oreillyauto.com/fl/lehighacres/autoparts-5312.html,"https://www.google.com/maps?q=26.617666,-81.731096","parts, retail",,OSM,way/904582276,26.6176655,-81.7310964
o-reilly-auto-parts-fl-4,O'Reilly Auto Parts,Parts Shops and 4x4 Retailers,,FL,FL,,https://locations.oreillyauto.com/fl/delraybeach/autoparts-5446.html,"https://www.google.com/maps?q=26.458841,-80.093273","parts, retail",,OSM,node/7671664496,26.4588406,-80.0932732
persons-auto-parts-fl,Persons Auto Parts,Parts Shops and 4x4 Retailers,Saint Cloud,FL,"1320, Kentucky Avenue, Saint Cloud, FL, 34769",+1-407-892-6000,https://www.napaonline.com/en/fl/saint-cloud/store/25020?sdref=modal,"https://www.google.com/maps?q=28.245397,-81.286136","parts, retail",,OSM,way/907103953,28.2453975,-81.2861362
persons-auto-parts-inc-fl,Persons Auto Parts Inc,Parts Shops and 4x4 Retailers,Kissimmee,FL,"2213, North Main Street, Kissimmee, FL, 34744",+1-407-847-2851,https://www.napaonline.com/en/fl/kissimmee/store/24958?sdref=modal,"https://www.google.com/maps?q=28.311242,-81.403193","parts, retail",,OSM,node/8423180224,28.3112425,-81.4031932
s-m-truck-world-fl,S&M Truck World,Parts Shops and 4x4 Retailers,Clearwater,FL,"2868, Gulf to Bay Boulevard, Clearwater, FL, 33759",+1-727-724-3437,https://www.smtruckworld.com/,"https://www.google.com/maps?q=27.960894,-82.718659","parts, retail",,OSM,node/1994058888,27.960894,-82.718659
sanford-auto-truck-fl,Sanford Auto & Truck,Parts Shops and 4x4 Retailers,Sanford,FL,"2913, South Orlando Dr, Sanford, FL, 32773",+1-407-322-5651,https://www.napaonline.com/en/fl/sanford/store/25262?sdref=modal,"https://www.google.com/maps?q=28.773638,-81.277801","parts, retail",,OSM,node/8423510954,28.773638,-81.2778015
superior-sound-auto-accessories-fl,Superior Sound & Auto Accessories,Parts Shops and 4x4 Retailers,Hialeah,FL,"5990, West 20th Avenue, Hialeah, FL, 33016",+1-305-698-2854,http://superiorsoundandauto.com,"https://www.google.com/maps?q=25.876871,-80.326366","parts, retail",,OSM,node/5765799457,25.8768712,-80.3263658
aaa-radiator-and-auto-air-conditioning-fl,AAA Radiator and Auto Air Conditioning,Radiator and Cooling Specialists,North Miami Beach,FL,"15570, West Dixie Highway, North Miami Beach, FL, 33162",+1-305-947-3501,https://www.autoacservice.com/,"https://www.google.com/maps?q=25.919498,-80.159033","radiator, cooling",,OSM,way/435541055,25.9194977,-80.1590326
101-auto-care-fl,101 Auto Care,Repair Shops (XJ/Jeep-Friendly),Miami,FL,"16707, Southwest 117th Avenue, Miami, FL, 33177",+1-305-712-3001,https://101auto.care,"https://www.google.com/maps?q=25.613661,-80.380824","repair, mechanic",,OSM,node/13468251708,25.6136611,-80.3808236
1k-motorsports-fl,1K Motorsports,Repair Shops (XJ/Jeep-Friendly),Fort Myers,FL,"1924, Commercial Drive, Fort Myers, FL, 33901",+1 239-204-9177,https://1kmotorsports.com,"https://www.google.com/maps?q=26.602787,-81.873544","repair, mechanic",,OSM,node/10007962786,26.6027869,-81.8735445
24-7-tow-truck-fl,24/7 Tow Truck,Repair Shops (XJ/Jeep-Friendly),,FL,FL,+1-239-420-1631,https://247-towingservice.com/fl/tampa.html,"https://www.google.com/maps?q=27.933349,-82.506073","repair, mechanic",,OSM,node/8347727478,27.9333494,-82.5060729
954mufflers-fl,954Mufflers,Repair Shops (XJ/Jeep-Friendly),Hollywood,FL,"5960, Thomas Street, Hollywood, FL, 33021",+1-954-354-2313,,"https://www.google.com/maps?q=26.029913,-80.207584","repair, mechanic",,OSM,node/6436399185,26.0299127,-80.2075841
aaa-car-care-plus-fl,AAA Car Care Plus,Repair Shops (XJ/Jeep-Friendly),Clearwater,FL,"2347, Gulf to Bay Boulevard, Clearwater, FL, 33765",,https://locator.acg.aaa.com/fl/clearwater/aaa-clearwater-car-care-plus,"https://www.google.com/maps?q=27.959960,-82.740651","repair, mechanic",,OSM,way/919260214,27.9599598,-82.7406508
ace-collision-experts-fl,Ace Collision Experts,Repair Shops (XJ/Jeep-Friendly),Fort Myers,FL,"2238, Hemingway Drive, Fort Myers, FL, 33912-1971",+1-239-219-5064,https://acecollision.net/,"https://www.google.com/maps?q=26.533618,-81.856308","repair, mechanic",,OSM,node/13461531440,26.5336181,-81.8563083
advanced-auto-air-fl,Advanced Auto Air,Repair Shops (XJ/Jeep-Friendly),Gibsonton,FL,"12001, US 41 (FL), Gibsonton, FL, 33534",+1-813-236-2886,https://advancedautoair.com/,"https://www.google.com/maps?q=27.824911,-82.382228","repair, mechanic",,OSM,way/980423691,27.8249109,-82.3822282
affordable-auto-ac-repair-of-tampa-fl,Affordable Auto & AC Repair of Tampa,Repair Shops (XJ/Jeep-Friendly),Tampa,FL,"12729, N Florida Ave #B, Tampa, FL, 33612",+1-813-932-9643,http://affordableautoandac.com,"https://www.google.com/maps?q=28.063462,-82.459846","repair, mechanic",,OSM,node/4572617501,28.0634616,-82.4598458
affordable-auto-tire-service-fl,Affordable Auto & Tire Service,Repair Shops (XJ/Jeep-Friendly),,FL,"27861, Crown Lake Boulevard, FL",+1-239-498-0946,,"https://www.google.com/maps?q=26.332921,-81.804354","repair, mechanic",,OSM,way/524557397,26.3329209,-81.8043541
all-jap-cars-fl,All Jap. Cars,Repair Shops (XJ/Jeep-Friendly),Lauderhill,FL,"4897, North University Drive, Lauderhill, FL, 33351",+1-954-749-5584,http://www.alljapcars.com,"https://www.google.com/maps?q=26.185830,-80.252746","repair, mechanic",,OSM,way/545568717,26.1858299,-80.2527456
all-parts-usa-com-fl,All Parts Usa.com,Repair Shops (XJ/Jeep-Friendly),,FL,"8290, Northwest 56th Street, FL, 33166",+1-305-546-0376,https://www.allpartsusa.com/,"https://www.google.com/maps?q=25.824370,-80.331366","repair, mechanic",,OSM,node/4282184690,25.8243703,-80.3313659
altamonte-springs-automotive-fl,Altamonte Springs Automotive,Repair Shops (XJ/Jeep-Friendly),Altamonte Springs,FL,"440, FL 434, Altamonte Springs, FL, 32714",+1-407-869-8848,https://altamontespringsautomotive.com,"https://www.google.com/maps?q=28.666503,-81.419606","repair, mechanic",,OSM,node/5316172226,28.6665027,-81.4196063
andino-auto-service-fl,Andino Auto Service,Repair Shops (XJ/Jeep-Friendly),Miami,FL,"5101, Northwest 7th Avenue, Miami, FL, 33127",+1-786-317-4756,,"https://www.google.com/maps?q=25.822398,-80.207847","repair, mechanic",,OSM,way/436042040,25.8223983,-80.2078465
apple-s-automotive-service-fl,Apple’s Automotive Service,Repair Shops (XJ/Jeep-Friendly),Orlando,FL,"6944, Venture Circle, Orlando, FL, 32807",+1-407-223-0679,https://applesautomotiveservices.com/,"https://www.google.com/maps?q=28.577658,-81.297692","repair, mechanic",,OSM,node/13431008172,28.5776577,-81.2976922
atlas-auto-center-fl,Atlas Auto Center,Repair Shops (XJ/Jeep-Friendly),,FL,"6905, Sheldon Road, FL, 33615",+18138866353,https://www.atlas-autocenter.com/,"https://www.google.com/maps?q=28.012027,-82.582860","repair, mechanic",,OSM,node/13395803101,28.0120268,-82.5828601
ats-all-transmission-services-fl,ATS - All Transmission Services,Repair Shops (XJ/Jeep-Friendly),Land O' Lakes,FL,"3929, American Plaza Blvd, Land O' Lakes, FL, 34638",+1-813-995-2885,http://www.alltransmissionservices.com/,"https://www.google.com/maps?q=28.214939,-82.461702","repair, mechanic",,OSM,node/5831599069,28.2149393,-82.4617021
auto-care-fl,Auto Care,Repair Shops (XJ/Jeep-Friendly),Saint Petersburg,FL,"5867, Haines Road North, Saint Petersburg, FL, 33714",+1-727-525-3762,,"https://www.google.com/maps?q=27.825941,-82.673067","repair, mechanic",,OSM,node/1768758399,27.8259405,-82.6730667
auto-mech-and-muffler-fl,Auto Mech and Muffler,Repair Shops (XJ/Jeep-Friendly),Oviedo,FL,"1301, Broadway Street, Oviedo, FL, 32765",+1-407-366-2887,https://www.automechandmuffler.com/,"https://www.google.com/maps?q=28.666360,-81.224946","repair, mechanic",,OSM,way/622914157,28.6663602,-81.2249457
autocare-of-naples-fl,Autocare of Naples,Repair Shops (XJ/Jeep-Friendly),Naples,FL,"1973, Elsa Street, Naples, FL, 34109",+1-239-514-7270,http://autocareofnaples.com,"https://www.google.com/maps?q=26.219634,-81.779393","repair, mechanic",,OSM,node/4312153437,26.2196337,-81.7793925
automotive-evolution-fl,Automotive Evolution,Repair Shops (XJ/Jeep-Friendly),,FL,"12382, Starkey Road, FL, 33773",+1-727-531-7107,http://www.automotiveevolution.com,"https://www.google.com/maps?q=27.884225,-82.762734","repair, mechanic",,OSM,node/9511026219,27.8842251,-82.7627338
autoworks-of-tampa-fl,Autoworks of Tampa,Repair Shops (XJ/Jeep-Friendly),Tampa,FL,"5507, N Nebraska Ave, Tampa, FL, 33604",+1-813-452-4945,https://www.autoworksoftampa.com/,"https://www.google.com/maps?q=27.997456,-82.452519","repair, mechanic",,OSM,node/5081449162,27.9974559,-82.4525188
aventura-chrysler-jeep-dodge-ram-service-parts-fl,Aventura Chrysler Jeep Dodge Ram Service & Parts,Repair Shops (XJ/Jeep-Friendly),North Miami Beach,FL,"16050, West Dixie Highway, North Miami Beach, FL, 33160",+1-305-405-3317,https://www.aventurachryslerjeepdodgeram.com/,"https://www.google.com/maps?q=25.923804,-80.156193","repair, mechanic, jeep",Jeep mentioned,OSM,node/13272319554,25.9238036,-80.1561932
awsome-auto-repair-fl,Awsome Auto repair,Repair Shops (XJ/Jeep-Friendly),,FL,FL,+1 813-443-8316; +1 813-855-1771,https://www.awesomeautomotiveanddiagnosticrepair.com/,"https://www.google.com/maps?q=28.034861,-82.657905","repair, mechanic",,OSM,way/172417574,28.0348612,-82.6579048
boca-auto-fix-fl,Boca Auto Fix,Repair Shops (XJ/Jeep-Friendly),Boca Raton,FL,"4301, Oak Circle, Boca Raton, FL, 33431",,https://bocaautofix.com,"https://www.google.com/maps?q=26.388292,-80.084062","repair, mechanic",,OSM,node/10178512260,26.3882915,-80.0840618
brake-and-muffler-authority-fl,Brake and Muffler Authority,Repair Shops (XJ/Jeep-Friendly),Hallandale Beach,FL,"907, West Hallandale Beach Boulevard, Hallandale Beach, FL, 33009",+19544542292,http://www.brakeauthorityofhallandale.com/,"https://www.google.com/maps?q=25.984763,-80.160715","repair, mechanic",,OSM,node/13524514437,25.9847631,-80.1607155
brewer-s-garage-fl,Brewer's Garage,Repair Shops (XJ/Jeep-Friendly),,FL,"2929, 16th Street North, FL",+1-727-525-7375,http://brewers.mechanicnet.com/,"https://www.google.com/maps?q=27.799121,-82.654713","repair, mechanic",,OSM,node/3834873523,27.7991214,-82.654713
caliber-collision-fl,Caliber Collision,Repair Shops (XJ/Jeep-Friendly),Jacksonville,FL,"7208, Golden Wings Road, Jacksonville, FL, 32244",+1-904-642-9002,https://www.caliber.com/find-a-location/jacksonville-fl-nas,"https://www.google.com/maps?q=30.225795,-81.703160","repair, mechanic",,OSM,node/12695823170,30.225795,-81.7031604
car-tune-automotive-sound-inc-fl,Car Tune Automotive & Sound Inc.,Repair Shops (XJ/Jeep-Friendly),Holiday,FL,"2940, Grand Boulevard, Holiday, FL, 34690",+1-727-841-9999,https://www.cartuneautomotive.net/,"https://www.google.com/maps?q=28.202183,-82.723074","repair, mechanic",,OSM,node/6618295841,28.2021829,-82.7230745
chachy-s-auto-tinting-fl,Chachy's Auto Tinting,Repair Shops (XJ/Jeep-Friendly),Miami,FL,"2601, Northwest 103rd Street, Miami, FL, 33147",+1-305-696-7798,,"https://www.google.com/maps?q=25.868416,-80.241767","repair, mechanic",,OSM,node/12634891574,25.8684155,-80.2417675
charlie-s-autofix-fl,Charlie's Autofix,Repair Shops (XJ/Jeep-Friendly),North Fort Myers,FL,"978, Pondella Road, North Fort Myers, FL, 33903",+1 239-656-6233,https://www.charliesautofix.com/,"https://www.google.com/maps?q=26.667887,-81.918915","repair, mechanic",,OSM,node/6024718344,26.6678874,-81.9189148
clarke-automotive-systems-fl,Clarke Automotive Systems,Repair Shops (XJ/Jeep-Friendly),Brandon,FL,"131, Central Drive, Brandon, FL, 33510",+1-813-685-2939,https://www.clarkeauto.net/,"https://www.google.com/maps?q=27.940048,-82.293024","repair, mechanic",,OSM,node/5010865384,27.9400479,-82.2930244
classic-collision-fl,Classic Collision,Repair Shops (XJ/Jeep-Friendly),North Miami,FL,"1650, Northeast 134th Street, North Miami, FL, 33181",+1-305-381-0317,,"https://www.google.com/maps?q=25.899203,-80.166299","repair, mechanic",,OSM,node/12631837269,25.8992028,-80.166299
classic-mazda-service-fl,Classic Mazda Service,Repair Shops (XJ/Jeep-Friendly),Orlando,FL,"1983 N, Semoran Boulevard, Orlando, FL, 32807",+1-407-681-2222,https://www.classicmazda.com/,"https://www.google.com/maps?q=28.570572,-81.310155","repair, mechanic",,OSM,node/13362851269,28.5705717,-81.3101551
clear-cut-detailing-fl,Clear Cut Detailing,Repair Shops (XJ/Jeep-Friendly),Winter Park,FL,"6649, Amory Court, Winter Park, FL, 32792",+1-321-316-4034,https://www.clearcutdetailing.com,"https://www.google.com/maps?q=28.595064,-81.300702","repair, mechanic",,OSM,node/13382435132,28.5950644,-81.3007023
collision-center-fl,Collision Center,Repair Shops (XJ/Jeep-Friendly),,FL,FL,+1-239-649-1400,,"https://www.google.com/maps?q=26.196927,-81.793128","repair, mechanic",,OSM,node/13612684188,26.1969265,-81.7931282
cor-auto-repair-inc-fl,COR-AUTO REPAIR INC,Repair Shops (XJ/Jeep-Friendly),Miami,FL,"3655, Northwest 48th Street, Miami, FL, 33142",+1-305-633-3304,https://www.cor-auto-repair.com/,"https://www.google.com/maps?q=25.817096,-80.255858","repair, mechanic",,OSM,node/9259374872,25.8170956,-80.2558578
crash-champions-fl,Crash Champions,Repair Shops (XJ/Jeep-Friendly),,FL,FL,+1 727-845-4111,https://crashchampions.com/locations/crash-champions-new-port-richey,"https://www.google.com/maps?q=28.251142,-82.729098","repair, mechanic",,OSM,way/1161221715,28.2511418,-82.7290981
dan-s-brake-world-fl,Dan's Brake World,Repair Shops (XJ/Jeep-Friendly),Saint Petersburg,FL,"2200, 34th Street South, Saint Petersburg, FL, 33711",+1-727-323-5500,https://www.dansbrakeworld.com/,"https://www.google.com/maps?q=27.748061,-82.678937","repair, mechanic",,OSM,node/4542611953,27.7480614,-82.6789368
dart-auto-repairs-fl,Dart Auto Repairs,Repair Shops (XJ/Jeep-Friendly),Apopka,FL,"3, West Main Street, Apopka, FL, 32703",+1-407-222-1053,,"https://www.google.com/maps?q=28.673412,-81.511777","repair, mechanic",,OSM,way/832975382,28.6734122,-81.5117772
dayton-andrews-inc-fl,Dayton Andrews Inc,Repair Shops (XJ/Jeep-Friendly),Clearwater,FL,"2388, Gulf to Bay Boulevard, Clearwater, FL, 33765",+1-727-799-4539,,"https://www.google.com/maps?q=27.961179,-82.740704","repair, mechanic",,OSM,node/2863216201,27.961179,-82.740704
dealers-choice-complete-car-fl,Dealers Choice Complete Car,Repair Shops (XJ/Jeep-Friendly),,FL,"12951, Trade Center Drive, FL, 34135",+1 239-390-1552,https://dealerschoiceautorepair.com/,"https://www.google.com/maps?q=26.331056,-81.739392","repair, mechanic",,OSM,node/12200477602,26.3310562,-81.7393916
decolores-collision-center-fl,DeColores Collision Center,Repair Shops (XJ/Jeep-Friendly),Miami,FL,"280, Southwest 22nd Avenue, Miami, FL, 33135",,https://decolorescollisioncenter.com/,"https://www.google.com/maps?q=25.769515,-80.231087","repair, mechanic",,OSM,node/6082677037,25.7695147,-80.2310871
devonaire-service-and-tire-fl,Devonaire Service and Tire,Repair Shops (XJ/Jeep-Friendly),Miami,FL,"12253, Southwest 112th Street, Miami, FL, 33186",+1 305-274-2227,http://www.devonaireserviceandtire.com,"https://www.google.com/maps?q=25.663181,-80.393190","repair, mechanic",,OSM,node/12003980169,25.6631813,-80.39319
dna-speedometers-fl,DNA Speedometers,Repair Shops (XJ/Jeep-Friendly),,FL,FL,+1-813-875-8226,https://dnaspeedometers.com/,"https://www.google.com/maps?q=27.983512,-82.507580","repair, mechanic",,OSM,way/522648471,27.9835116,-82.5075796
dulux-auto-sales-inc-car-rental-fl,Dulux Auto Sales Inc & Car Rental,Repair Shops (XJ/Jeep-Friendly),Hollywood,FL,"2401, Pembroke Road, Hollywood, FL, 33020",+1-954-893-8118; +1-954-710-0629,https://www.duluxautosales.com/,"https://www.google.com/maps?q=25.996724,-80.154177","repair, mechanic",,OSM,way/528550058,25.9967238,-80.1541769
east-bay-auto-service-fl,East Bay Auto Service,Repair Shops (XJ/Jeep-Friendly),Largo,FL,"500, East Bay Drive, Largo, FL, 33770",+1-727-581-5483,https://eastbayauto.net/,"https://www.google.com/maps?q=27.916870,-82.781990","repair, mechanic",,OSM,way/522746073,27.9168702,-82.7819903
easy-credit-of-tampa-fl,Easy Credit of Tampa,Repair Shops (XJ/Jeep-Friendly),Tampa,FL,"4141, Causeway Boulevard, Tampa, FL, 33619",+1-813-644-7973,https://www.easycreditoftampa.com/,"https://www.google.com/maps?q=27.922633,-82.408133","repair, mechanic",,OSM,node/6609781748,27.9226326,-82.4081332
ed-larcom-s-garage-fl,Ed Larcom's Garage,Repair Shops (XJ/Jeep-Friendly),,FL,"7001, South Trask St, FL, 33616",,http://local.acdelco.com/dma/?fac=624982&c=vgn,"https://www.google.com/maps?q=27.864600,-82.522828","repair, mechanic",,OSM,node/1708887548,27.8645997,-82.5228284
element-pickup-trucks-and-trailer-repair-fl,"Element, Pickup trucks and trailer repair",Repair Shops (XJ/Jeep-Friendly),,FL,"3120D, Northwest 16th Terrace, FL, 33064",+1-786-977-0000,,"https://www.google.com/maps?q=26.267610,-80.145185","repair, mechanic",Trail builds,OSM,node/13004896901,26.2676103,-80.1451854
eme-and-my-friend-body-shop-fl,Eme and my friend body shop,Repair Shops (XJ/Jeep-Friendly),Tampa,FL,"4818, North Lauber Way, Tampa, FL, 33614",+1-404-957-8244,,"https://www.google.com/maps?q=27.990734,-82.518674","repair, mechanic",,OSM,way/522648082,27.9907336,-82.5186739
empire-autowerx-fl,Empire Autowerx,Repair Shops (XJ/Jeep-Friendly),Fort Myers,FL,"16221, Lee Road, Fort Myers, FL, 33912-2584",+1-239-469-6602,https://empireautowerx.store/,"https://www.google.com/maps?q=26.500705,-81.811321","repair, mechanic",,OSM,node/13389475114,26.5007049,-81.8113212
everything-on-wheels-auto-truck-repair-center-fl,Everything On Wheels Auto & Truck Repair Center,Repair Shops (XJ/Jeep-Friendly),Tarpon Springs,FL,"1986, N Pinellas Ave, Tarpon Springs, FL, 34689",+1 727-942-2886,http://everythingonwheelsauto.com,"https://www.google.com/maps?q=28.172910,-82.749331","repair, mechanic",,OSM,node/5843750214,28.1729104,-82.749331
faded-a-window-tinting-company-fl,Faded - A Window Tinting Company,Repair Shops (XJ/Jeep-Friendly),Fort Lauderdale,FL,"828, Northwest 1st Street, Fort Lauderdale, FL, 33311",+1-561-872-1311,https://fadedawtc.com,"https://www.google.com/maps?q=26.122606,-80.153688","repair, mechanic",,OSM,node/13545079549,26.1226064,-80.1536876
firestone-fl-3,Firestone,Repair Shops (XJ/Jeep-Friendly),Miami,FL,"15697, Southwest 88th Street, Miami, FL, 33196",+1 305-423-2028,https://firestonecompleteautocare.com/,"https://www.google.com/maps?q=25.684837,-80.444958","repair, mechanic",,OSM,node/6032865068,25.6848367,-80.4449576
firestone-fl-5,Firestone,Repair Shops (XJ/Jeep-Friendly),Land O' Lakes,FL,"25170, Maren Way, Land O' Lakes, FL, 34639",+1-813-501-2678,https://www.firestonecompleteautocare.com/florida/land-o-lakes/25170-maren-way,"https://www.google.com/maps?q=28.188639,-82.401243","repair, mechanic",,OSM,way/912777051,28.1886386,-82.4012433
firestone-fl-2,Firestone,Repair Shops (XJ/Jeep-Friendly),Winter Springs,FL,"5960, Red Bug Lake Road, Winter Springs, FL, 32708",+1 321 214 8065,https://www.firestonecompleteautocare.com/store-detail/26247/,"https://www.google.com/maps?q=28.648124,-81.265534","repair, mechanic",,OSM,node/3952851743,28.6481244,-81.2655336
firestone-fl,Firestone,Repair Shops (XJ/Jeep-Friendly),,FL,"FL, 33186",+1-305-969-8000,https://local.firestonecompleteautocare.com/florida/miami/,"https://www.google.com/maps?q=25.656030,-80.403957","repair, mechanic",,OSM,node/12003614192,25.6560302,-80.4039571
firestone-fl-4,Firestone,Repair Shops (XJ/Jeep-Friendly),Fort Myers,FL,"15155, McGregor Boulevard, Fort Myers, FL, 33908",,https://local.firestonecompleteautocare.com/florida/fort-myers/15155-mcgregor-blvd/?,"https://www.google.com/maps?q=26.521244,-81.939288","repair, mechanic",,OSM,way/422594100,26.5212437,-81.9392883
firestone-auto-repair-fl,Firestone Auto Repair,Repair Shops (XJ/Jeep-Friendly),,FL,"952, Patricia Avenue, FL, 34698",+1-727-474-0509,https://local.firestonecompleteautocare.com/florida/dunedin/952-patricia-ave,"https://www.google.com/maps?q=28.017954,-82.776627","repair, mechanic",,OSM,node/11429071369,28.0179536,-82.776627
firestone-complete-auto-care-fl,Firestone Complete Auto Care,Repair Shops (XJ/Jeep-Friendly),Weston,FL,"2580, Glades Circle, Weston, FL, 33327",+1 954-320-7265,https://local.firestonecompleteautocare.com/florida/fort-lauderdale/2580-glades-cir/,"https://www.google.com/maps?q=26.139418,-80.421328","repair, mechanic",,OSM,node/5637868943,26.1394183,-80.4213282
firestone-complete-auto-care-fl-3,Firestone Complete Auto Care,Repair Shops (XJ/Jeep-Friendly),North Miami Beach,FL,"16251, Miami Drive, North Miami Beach, FL, 33162",+1-305-626-4783,https://www.firestonecompleteautocare.com/florida/north-miami-beach/16251-miami-dr/,"https://www.google.com/maps?q=25.925340,-80.169341","repair, mechanic",,OSM,way/435540013,25.9253398,-80.1693407
firestone-complete-auto-care-fl-2,Firestone Complete Auto Care,Repair Shops (XJ/Jeep-Friendly),Miami,FL,"20701, Dixie Highway, Miami, FL, 33189",+1-305-506-2155,https://local.firestonecompleteautocare.com/florida/miami/20701-s-dixie-hwy/,"https://www.google.com/maps?q=25.574762,-80.372741","repair, mechanic",,OSM,way/1002430257,25.5747619,-80.3727406
firstgear-transmission-auto-repair-fl,Firstgear Transmission & Auto Repair,Repair Shops (XJ/Jeep-Friendly),Brandon,FL,"119, Central Drive, Brandon, FL, 33511",+1-813-643-0066,https://www.firstgearbrandon.com/,"https://www.google.com/maps?q=27.939426,-82.292070","repair, mechanic",,OSM,way/1051393983,27.9394264,-82.2920697
flash-garage-llc-fl,Flash Garage LLC,Repair Shops (XJ/Jeep-Friendly),Fort Lauderdale,FL,"930, Northeast 4th Avenue, Fort Lauderdale, FL, 33304",+1-954-825-1637,https://flashgarageauto.com/,"https://www.google.com/maps?q=26.136201,-80.140160","repair, mechanic",,OSM,node/11060328766,26.1362014,-80.14016
florida-body-shop-paint-fl,Florida Body Shop & Paint,Repair Shops (XJ/Jeep-Friendly),Largo,FL,"6363, Ulmerton Road, Largo, FL, 33771",+1-727-536-3505,,"https://www.google.com/maps?q=27.894067,-82.724397","repair, mechanic",,OSM,node/1990935941,27.894067,-82.724397
foreign-corvette-repair-world-fl,Foreign & Corvette Repair World,Repair Shops (XJ/Jeep-Friendly),Margate,FL,"2108 Mears Pkwy, Margate, FL, 33063",+1-954-972-8410,https://fandcrepairworld.com/,"https://www.google.com/maps?q=26.251110,-80.198865","repair, mechanic",,OSM,node/9729793767,26.2511104,-80.1988649
g-exhaust-davie-fl,G Exhaust – Davie,Repair Shops (XJ/Jeep-Friendly),Davie,FL,"4641, FL-7, Davie, FL, 33314",+1-954-708-6039,https://gexhaust.com/,"https://www.google.com/maps?q=26.064845,-80.208335","repair, mechanic",,OSM,node/11066492779,26.0648449,-80.2083345
gabriel-s-speciality-autobodyshop-fl,Gabriel's Speciality Autobodyshop,Repair Shops (XJ/Jeep-Friendly),,FL,"FL, 33186",+1-305-542-0957,,"https://www.google.com/maps?q=25.880227,-80.340960","repair, mechanic",,OSM,node/10846059206,25.880227,-80.3409605
global-truck-trailer-repair-fl,Global Truck & Trailer Repair,Repair Shops (XJ/Jeep-Friendly),Davie,FL,"3300, SW 50th Ave, Davie, FL, 33314",+1-954-727-3877,https://globaltruck.shop/,"https://www.google.com/maps?q=26.080966,-80.214345","repair, mechanic",Trail builds,OSM,node/13302603117,26.0809658,-80.2143451
goodyear-fl,Goodyear,Repair Shops (XJ/Jeep-Friendly),Valrico,FL,"3523, Bell Shoals Road, Valrico, FL, 33596",+1-813-651-9585,https://locations.thetirechoice.com/fl/valrico/3523-bell-shoals-road.html,"https://www.google.com/maps?q=27.890140,-82.268788","repair, mechanic",,OSM,node/4593176545,27.8901395,-82.2687876
goodyear-fl-2,Goodyear,Repair Shops (XJ/Jeep-Friendly),Jacksonville,FL,"11800, San Jose Boulevard, Jacksonville, FL, 32223",+1-904-262-0090,,"https://www.google.com/maps?q=30.157032,-81.633306","repair, mechanic",,OSM,node/9349043317,30.1570323,-81.6333055
goodyear-fl-3,Goodyear,Repair Shops (XJ/Jeep-Friendly),,FL,"9927, Atlantic Boulevard, FL, 32225",+1-904-578-5916,,"https://www.google.com/maps?q=30.322977,-81.541293","repair, mechanic",,OSM,node/9733411517,30.3229767,-81.5412933
goodyear-auto-service-center-fl,Goodyear Auto Service Center,Repair Shops (XJ/Jeep-Friendly),North Miami Beach,FL,"1098, North Miami Beach Boulevard, North Miami Beach, FL, 33162",+1 305-627-3427,https://www.miamiautotires.com/,"https://www.google.com/maps?q=25.925605,-80.178376","repair, mechanic",,OSM,node/13163302346,25.9256052,-80.1783755
goodyear-auto-service-center-fl-2,Goodyear Auto Service Center,Repair Shops (XJ/Jeep-Friendly),Tampa,FL,"3813, South Dale Mabry Highway, Tampa, FL, 33611",+1-818-831-1891,https://www.goodyearautoservice.com/,"https://www.google.com/maps?q=27.908079,-82.506630","repair, mechanic",,OSM,node/2409174250,27.908079,-82.50663
goodyear-auto-service-center-fl-3,Goodyear Auto Service Center,Repair Shops (XJ/Jeep-Friendly),Miami,FL,"11530, Southwest 147th Avenue, Miami, FL, 33196",+1-305-385-9753,,"https://www.google.com/maps?q=25.659603,-80.432619","repair, mechanic",,OSM,node/4511617464,25.6596034,-80.4326192
goodyear-auto-service-center-fl-4,Goodyear Auto Service Center,Repair Shops (XJ/Jeep-Friendly),,FL,FL,+1-813-677-1794,,"https://www.google.com/maps?q=27.788975,-82.334344","repair, mechanic",,OSM,way/202995951,27.7889748,-82.3343438
gulfport-auto-garage-fl,Gulfport Auto Garage,Repair Shops (XJ/Jeep-Friendly),Gulfport,FL,"2731 Beach Blvd. S, Gulfport, FL, 33707",+1 727-345-1798,http://gulfportautogarage.com/,"https://www.google.com/maps?q=27.742375,-82.708371","repair, mechanic",,OSM,node/12149704163,27.7423747,-82.7083714
honka-auto-repair-fl,Honka Auto Repair,Repair Shops (XJ/Jeep-Friendly),Clearwater,FL,"1266, Court Street, Clearwater, FL, 33756",+1-727-446-0596,https://honkaautorepairs.com/,"https://www.google.com/maps?q=27.961091,-82.784484","repair, mechanic",,OSM,way/524442734,27.961091,-82.7844836
hughes-auto-ac-repair-fl,Hughes Auto AC Repair,Repair Shops (XJ/Jeep-Friendly),Neptune Beach,FL,"2202, Florida Boulevard, Neptune Beach, FL, 32266",+1 904 241 2344,,"https://www.google.com/maps?q=30.323902,-81.419067","repair, mechanic",,OSM,node/4544894469,30.3239022,-81.4190671
hyde-park-auto-collision-center-fl,Hyde Park Auto Collision Center,Repair Shops (XJ/Jeep-Friendly),Tampa,FL,"2138, West Arch Street, Tampa, FL, 33607",,https://hyde-park-auto-collision-and-repairs.business.site/,"https://www.google.com/maps?q=27.954071,-82.482704","repair, mechanic",,OSM,way/1188520049,27.9540713,-82.482704
ice-cold-air-fl,Ice Cold Air,Repair Shops (XJ/Jeep-Friendly),Pinellas Park,FL,"6401, US Highway 19 N, Pinellas Park, FL, 33781",+1-727-525-1197,https://www.icecoldair.com/,"https://www.google.com/maps?q=27.830454,-82.679267","repair, mechanic",,OSM,way/525424767,27.8304543,-82.6792672
ice-cold-air-discount-auto-repair-fl,Ice Cold Air Discount Auto Repair,Repair Shops (XJ/Jeep-Friendly),Largo,FL,"1198, East Bay Drive, Largo, FL, 33770",+1-727-584-1198,https://www.icecoldair.com/locations/1198-east-bay-drive/,"https://www.google.com/maps?q=27.917049,-82.775293","repair, mechanic",,OSM,way/522746493,27.9170492,-82.7752928
icu-motors-llc-fl,ICU Motors LLC,Repair Shops (XJ/Jeep-Friendly),Orlando,FL,"9527, Bachman Road, Orlando, FL, 32824",+1-407-729-7678,,"https://www.google.com/maps?q=28.427549,-81.392019","repair, mechanic",,OSM,way/1354783794,28.4275486,-81.3920185
jiffy-lube-fl-2,Jiffy Lube,Repair Shops (XJ/Jeep-Friendly),Orlando,FL,"4531, Conroy Road, Orlando, FL",+1-407-316-8413,https://orlando.jiffylube.com/locations/store/1830/4531-conroy-rd-orlando-fl-32811-7442,"https://www.google.com/maps?q=28.495757,-81.436102","repair, mechanic",,OSM,way/734702713,28.4957566,-81.4361023
jiffy-lube-fl,Jiffy Lube,Repair Shops (XJ/Jeep-Friendly),,FL,"28145, South Tamiami Trail, FL, 34134",+1 239-992-2055,https://www.jiffylube.com/locations/fl/bonita-springs/1260,"https://www.google.com/maps?q=26.328943,-81.805140","repair, mechanic",,OSM,node/12198986804,26.3289433,-81.8051401
john-s-automotive-complete-auto-repairs-fl,John's Automotive Complete Auto Repairs,Repair Shops (XJ/Jeep-Friendly),Jacksonville,FL,"5748, Arlington Road, Jacksonville, FL, 32211",+1-904-743-3857,http://autoacrepairjax.com,"https://www.google.com/maps?q=30.333267,-81.600679","repair, mechanic",,OSM,way/583483873,30.333267,-81.6006785
jsb-autoworks-fl,JSB Autoworks,Repair Shops (XJ/Jeep-Friendly),Miami,FL,"4501, Southwest 74th Avenue, Miami, FL, 33155",+1 305 269 8999,https://www.jsbauto.com/,"https://www.google.com/maps?q=25.728143,-80.314616","repair, mechanic",,OSM,node/6018252768,25.7281427,-80.3146158
k-m-mobile-detailing-fl,K&M Mobile Detailing,Repair Shops (XJ/Jeep-Friendly),Tampa,FL,"16541, Lake Brigadoon Cir, Tampa, FL, 33618",+1-813-727-8902,http://kmtampadetailing.com,"https://www.google.com/maps?q=28.112498,-82.493758","repair, mechanic",,OSM,node/5512958037,28.1124977,-82.4937578
kt-roadside-assistance-mobile-tire-services-fl,KT Roadside Assistance: Mobile Tire Services,Repair Shops (XJ/Jeep-Friendly),Lauderhill,FL,"4450, Northwest 74th Avenue, Lauderhill, FL, 33319",+1-954-940-1237,https://www.mobiletireservicebroward.com/,"https://www.google.com/maps?q=26.179533,-80.247911","repair, mechanic",,OSM,node/12443783048,26.1795329,-80.2479105
latino-s-automobile-repair-fl,Latino's Automobile Repair,Repair Shops (XJ/Jeep-Friendly),Naples,FL,"4284, Enterprise Avenue, Naples, FL, 34104",+1 239-403-4322,http://latinosautomobilerepair.com,"https://www.google.com/maps?q=26.160365,-81.757181","repair, mechanic",,OSM,node/5690493308,26.1603653,-81.7571807
legacy-automotive-customs-refinishing-fl,Legacy Automotive Customs & Refinishing,Repair Shops (XJ/Jeep-Friendly),Jacksonville,FL,"1816, Saint Johns Bluff Road South, Jacksonville, FL, 32246",+1-904-716-9947,https://legacyautomotivecustomsrefinishing.com/,"https://www.google.com/maps?q=30.319931,-81.524548","repair, mechanic",,OSM,node/13322178877,30.3199306,-81.524548
lexus-of-west-kendall-service-fl,Lexus of West Kendall Service,Repair Shops (XJ/Jeep-Friendly),Miami,FL,"13800, Southwest 136th Street, Miami, FL, 33186",+17865737600,https://www.lexusofwestkendall.com/service/serviceapptform/,"https://www.google.com/maps?q=25.640274,-80.417910","repair, mechanic",,OSM,node/13463308079,25.6402742,-80.4179099
lokey-nissan-service-fl,Lokey Nissan Service,Repair Shops (XJ/Jeep-Friendly),Clearwater,FL,"27758, US 19 North, Clearwater, FL, 33761",+1-727-789-8100 x2133,https://www.lokeynissan.com/,"https://www.google.com/maps?q=28.024284,-82.739790","repair, mechanic",,OSM,node/2127980704,28.024284,-82.73979
lube-fiu-fl,Lube @ FIU,Repair Shops (XJ/Jeep-Friendly),,FL,FL,,https://shop.fiu.edu/services/automotive/lube-fiu/,"https://www.google.com/maps?q=25.753266,-80.382266","repair, mechanic",,OSM,node/12015491903,25.7532662,-80.3822659
ludek-s-european-auto-service-fl,Ludek's European Auto Service,Repair Shops (XJ/Jeep-Friendly),Tampa,FL,"3327, Gandy Boulevard, Tampa, FL, 33611",+1-813-832-2738,,"https://www.google.com/maps?q=27.894182,-82.499962","repair, mechanic",,OSM,node/2122568183,27.894182,-82.499962
luis-auto-repair-fl,Luis' Auto Repair,Repair Shops (XJ/Jeep-Friendly),Hollywood,FL,"5944, Thomas Street, Hollywood, FL, 33021",+1-954-983-3365,,"https://www.google.com/maps?q=26.029991,-80.207474","repair, mechanic",,OSM,node/6436403185,26.0299912,-80.207474
m-m-auto-sales-of-north-miami-fl,M & M Auto Sales Of North Miami,Repair Shops (XJ/Jeep-Friendly),North Miami,FL,"13077, Northeast 14th Avenue, North Miami, FL, 33161",+1-305-893-4043,http://mmautosalesmiami.com,"https://www.google.com/maps?q=25.896118,-80.170435","repair, mechanic",,OSM,node/4563000057,25.8961177,-80.1704349
madeira-beach-garage-fl,Madeira Beach Garage,Repair Shops (XJ/Jeep-Friendly),Madeira Beach,FL,"125, Welch Causeway, Madeira Beach, FL, 33708",+1-727-391-7790,,"https://www.google.com/maps?q=27.801834,-82.799743","repair, mechanic",,OSM,way/218755134,27.8018338,-82.7997428
mahoney-auto-repair-inc-fl,Mahoney Auto Repair Inc.,Repair Shops (XJ/Jeep-Friendly),St. Petersburg,FL,"4040, 54th Avenue North, St. Petersburg, FL, 33714",+1-727-527-7773,https://mahoneyautorepairinc.com,"https://www.google.com/maps?q=27.820803,-82.688795","repair, mechanic",,OSM,node/11850287285,27.8208026,-82.6887946
marc-s-automotive-fl,Marc's Automotive,Repair Shops (XJ/Jeep-Friendly),,FL,"17492, Rockefeller Circle, FL, 33967",+1-239-233-2453,,"https://www.google.com/maps?q=26.481366,-81.834455","repair, mechanic",,OSM,node/13599836201,26.4813657,-81.8344545
masters-tire-auto-fl,Masters Tire & Auto,Repair Shops (XJ/Jeep-Friendly),Saint Petersburg,FL,"Haines Road North, Saint Petersburg, FL, 33702",+1-727-657-8850,,"https://www.google.com/maps?q=27.831834,-82.678829","repair, mechanic",,OSM,node/1990926438,27.831834,-82.678829
mavis-fl,Mavis,Repair Shops (XJ/Jeep-Friendly),Wesley Chapel,FL,"27303, Wesley Chapel Boulevard, Wesley Chapel, FL, 33544",+1-813-278-1627,https://www.mavis.com/locations/wesley-chapel-27303-wes-chp-blvd-fl/?stnum=1796,"https://www.google.com/maps?q=28.238815,-82.364363","repair, mechanic",,OSM,way/465272153,28.2388149,-82.3643627
mavis-tires-brakes-fl,Mavis Tires & Brakes,Repair Shops (XJ/Jeep-Friendly),Orlando,FL,"300, Alafaya Trail, Orlando, FL, 32828",+1-689-232-5644,https://www.mavis.com/,"https://www.google.com/maps?q=28.543710,-81.205296","repair, mechanic",,OSM,way/61377348,28.5437103,-81.2052962
max-express-lube-fl,Max Express Lube,Repair Shops (XJ/Jeep-Friendly),Fort Myers,FL,"15140, S Tamiami Trl, Fort Myers, FL, 33908",+1-239-219-6290,http://maxexpresslube.com,"https://www.google.com/maps?q=26.522562,-81.870639","repair, mechanic",,OSM,node/5639635214,26.5225617,-81.8706387
mccleary-s-auto-and-truck-repair-fl,McCleary's Auto and Truck Repair,Repair Shops (XJ/Jeep-Friendly),,FL,"12350 #4A, South Belcher Road, FL",+1-727-530-1370,,"https://www.google.com/maps?q=27.884560,-82.747642","repair, mechanic",,OSM,node/11666797169,27.8845605,-82.747642
meineke-fl-2,Meineke,Repair Shops (XJ/Jeep-Friendly),Saint Petersburg,FL,"Tyrone Boulevard North, Saint Petersburg, FL, 33709",+1-727-344-2060,https://www.meineke.com/,"https://www.google.com/maps?q=27.802535,-82.743977","repair, mechanic",,OSM,way/228264506,27.8025353,-82.7439771
meineke-fl,Meineke,Repair Shops (XJ/Jeep-Friendly),,FL,"23193, Sandalfoot Plaza Drive, FL, 33428",+1 561-288-0749,https://www.meineke.com/locations/fl/boca-raton-2534/,"https://www.google.com/maps?q=26.331519,-80.202165","repair, mechanic",,OSM,node/12630707621,26.3315193,-80.2021651
mercedes-service-centers-fl,Mercedes Service Centers,Repair Shops (XJ/Jeep-Friendly),Hallandale Beach,FL,"911, West Hallandale Beach Boulevard, Hallandale Beach, FL, 33009",+19544582525,http://www.brakeauthorityofhallandale.com/,"https://www.google.com/maps?q=25.984761,-80.160878","repair, mechanic",,OSM,node/13524514438,25.9847609,-80.1608777
mid-county-collision-fl,Mid-County Collision,Repair Shops (XJ/Jeep-Friendly),Largo,FL,"Ulmerton Road, Largo, FL",+1 727 530-1192,https://www.collisionpinellascounty.com/,"https://www.google.com/maps?q=27.894783,-82.753644","repair, mechanic",,OSM,node/6783962208,27.8947826,-82.7536445
midas-fl,Midas,Repair Shops (XJ/Jeep-Friendly),Miami,FL,"2390, Northwest 107th Avenue, Miami, FL, 33172",+1-305-597-5555,http://midas.com/miami/store.aspx?shopnum=3311&dmanum=568,"https://www.google.com/maps?q=25.795829,-80.369434","repair, mechanic",,OSM,node/4444985140,25.7958294,-80.3694337
midas-fl-2,Midas,Repair Shops (XJ/Jeep-Friendly),,FL,"10311, Atlantic Boulevard, FL, 32225",+1-904-515-4361,,"https://www.google.com/maps?q=30.323713,-81.532463","repair, mechanic",,OSM,node/9767835917,30.3237128,-81.532463
midas-auto-service-experts-fl,Midas Auto Service Experts,Repair Shops (XJ/Jeep-Friendly),Largo,FL,"5105, East Bay Drive, Largo, FL, 33764",+1-727-531-4070,http://www.clearwatermidas.com,"https://www.google.com/maps?q=27.915882,-82.733995","repair, mechanic",,OSM,node/1998900364,27.915882,-82.733995
mlr-automotive-fl,MLR Automotive,Repair Shops (XJ/Jeep-Friendly),Winter Park,FL,"4300 Aloma Ave, Winter Park, FL, 32792",+1-407-331-4657,https://mlrautorepair.com,"https://www.google.com/maps?q=28.611535,-81.282048","repair, mechanic",,OSM,node/9685137203,28.6115354,-81.2820477
napa-auto-care-center-fl,Napa Auto Care Center,Repair Shops (XJ/Jeep-Friendly),,FL,"2727, Roosevelt Boulevard, FL, 33760",,https://www.napaonline.com/en/autocare/?facilityId=1221208,"https://www.google.com/maps?q=27.915720,-82.724146","repair, mechanic",,OSM,node/12745372968,27.9157204,-82.7241463
napa-auto-parts-fl-4,Napa Auto Parts,Repair Shops (XJ/Jeep-Friendly),Bonita Springs,FL,"10525, Reynolds Street, Bonita Springs, FL, 34135",+1-239-992-6969,https://www.napaautopartsfl.com/,"https://www.google.com/maps?q=26.340867,-81.778113","repair, mechanic",,OSM,node/4538996911,26.3408672,-81.7781125
newmans-truck-body-and-equipment-fl,Newmans Truck Body and Equipment,Repair Shops (XJ/Jeep-Friendly),Jacksonville,FL,"6880, West 12th Street, Jacksonville, FL, 32254",+1-904-695-9589,https://newmanstruckbody.com/,"https://www.google.com/maps?q=30.349344,-81.760210","repair, mechanic",,OSM,way/519129933,30.3493436,-81.7602102
off-road-performance-shop-of-miami-fl,Off-Road Performance Shop of Miami,Repair Shops (XJ/Jeep-Friendly),Miami,FL,"14221, Southwest 140th Street, Miami, FL, 33186",+1-305-484-6157,https://orpshop.square.site/,"https://www.google.com/maps?q=25.637502,-80.423684","repair, mechanic, 4x4",4x4 focused,OSM,node/13524324904,25.6375018,-80.4236844
oviedo-auto-repair-fl,Oviedo Auto Repair,Repair Shops (XJ/Jeep-Friendly),Oviedo,FL,"1512, West Broadway Street, Oviedo, FL, 32765",+1-407-977-1733,https://www.oviedoautorepair.com/,"https://www.google.com/maps?q=28.662683,-81.223863","repair, mechanic",,OSM,node/2507853659,28.6626835,-81.2238629
pep-boys-fl-4,Pep Boys,Repair Shops (XJ/Jeep-Friendly),Cutler Bay,FL,"10200, Broad Channel Drive, Cutler Bay, FL, 33157",+1-305-252-7311,https://www.pepboys.com/stores/FL/Miami/10200-BROAD-CHANNEL-RD?storecode=0133,"https://www.google.com/maps?q=25.592251,-80.356447","repair, mechanic",,OSM,way/435585180,25.5922507,-80.3564468
pep-boys-fl-3,Pep Boys,Repair Shops (XJ/Jeep-Friendly),Clearwater,FL,"1559, Gulf to Bay Boulevard, Clearwater, FL, 33756",+1-727-443-1194,https://www.pepboys.com/stores/fl/clearwater/1559b-gulf-to-bay-blvd,"https://www.google.com/maps?q=27.960336,-82.771811","repair, mechanic",,OSM,way/236786293,27.9603359,-82.7718114
pep-boys-fl-2,Pep Boys,Repair Shops (XJ/Jeep-Friendly),Orlando,FL,"7750, South Orange Blossom Trail, Orlando, FL, 32809",+1 407-851-2626,https://www.pepboys.com/stores/fl/orlando/7750-s-orange-blossom-tra?storecode=0125,"https://www.google.com/maps?q=28.452964,-81.402120","repair, mechanic",,OSM,node/2549293837,28.4529643,-81.4021203
pep-boys-fl-6,Pep Boys,Repair Shops (XJ/Jeep-Friendly),Celebration,FL,"70, Blake Boulevard, Celebration, FL, 34747",+1 321-939-2581,https://www.pepboys.com/stores/fl/celebration/70-blake-dr?storecode=1423,"https://www.google.com/maps?q=28.330411,-81.529201","repair, mechanic",,OSM,way/731729572,28.3304114,-81.529201
pep-boys-fl-5,Pep Boys,Repair Shops (XJ/Jeep-Friendly),,FL,FL,+1-813-933-2424,https://pepboys.com/stores/fl/tampa/10124-n-florida-ave?storeCode=0136,"https://www.google.com/maps?q=28.042482,-82.460224","repair, mechanic, parts, retail",,OSM,way/523818265,28.0424818,-82.4602239
pep-boys-fl,Pep Boys,Repair Shops (XJ/Jeep-Friendly),Kissimmee,FL,"302, West Vine Street, Kissimmee, FL, 34741",,https://www.pepboys.com/stores/FL/Kissimmee/302-W-Vine-St?storeCode=0310,"https://www.google.com/maps?q=28.303959,-81.406717","repair, mechanic",,OSM,node/11759183579,28.3039593,-81.4067167
pep-boys-auto-service-tires-fl,Pep Boys Auto Service & Tires,Repair Shops (XJ/Jeep-Friendly),,FL,"7655, Hillsborough Avenue, FL, 33615",+1-813-249-7736,https://www.pepboys.com/stores/fl/tampa/7655-w-hillsborough-ave,"https://www.google.com/maps?q=27.996958,-82.565769","repair, mechanic",,OSM,way/522767267,27.9969579,-82.5657685
phoenix-complete-auto-care-tires-fl,Phoenix Complete Auto Care & Tires,Repair Shops (XJ/Jeep-Friendly),North Miami Beach,FL,"1561, Northeast 163rd Street, North Miami Beach, FL, 33162",+1-305-957-0087,https://phoenixcompleteautocare.com/,"https://www.google.com/maps?q=25.926045,-80.168601","repair, mechanic",,OSM,node/13163307706,25.9260452,-80.168601
quick-stop-muffler-brake-fl,Quick Stop Muffler & Brake,Repair Shops (XJ/Jeep-Friendly),Saint Petersburg,FL,"5401, 54th Avenue North, Saint Petersburg, FL, 33714",+1-727-525-6333,,"https://www.google.com/maps?q=27.821377,-82.679114","repair, mechanic",,OSM,way/149485287,27.8213768,-82.6791138
reynoso-auto-repair-fl,Reynoso Auto Repair,Repair Shops (XJ/Jeep-Friendly),Kissimmee,FL,"200, W Carroll St, Kissimmee, FL, 34741",+1-407-933-1203,https://reynosoautorepair.com,"https://www.google.com/maps?q=28.325916,-81.406052","repair, mechanic",,OSM,node/10023456278,28.3259159,-81.4060516
roly-s-auto-service-fl,Roly's Auto Service,Repair Shops (XJ/Jeep-Friendly),,FL,FL,,www.rolysautoservice.com,"https://www.google.com/maps?q=25.747718,-80.303974","repair, mechanic",,OSM,node/6233144536,25.7477184,-80.303974
royal-tires-fl,Royal Tires,Repair Shops (XJ/Jeep-Friendly),,FL,"5400, West Colonial Drive, FL",+1-407-704-6911,,"https://www.google.com/maps?q=28.551988,-81.453542","repair, mechanic",,OSM,way/832702119,28.551988,-81.453542
saaab-store-fl,Saaab Store,Repair Shops (XJ/Jeep-Friendly),Tampa,FL,"4025, West Osborne Avenue, Tampa, FL, 33614",+1 813-877-7222,,"https://www.google.com/maps?q=27.989234,-82.512272","repair, mechanic",,OSM,node/11917826605,27.9892338,-82.5122721
safelite-autoglass-fl-2,Safelite AutoGlass,Repair Shops (XJ/Jeep-Friendly),Miami,FL,"2757, Southwest 8th Street, Miami, FL, 33135",+1 887-465-5224,https://www.safelite.com/stores/Dade,"https://www.google.com/maps?q=25.765278,-80.240211","repair, mechanic",,OSM,node/7535969306,25.7652779,-80.2402106
safelite-autoglass-fl,Safelite AutoGlass,Repair Shops (XJ/Jeep-Friendly),,FL,FL,+1-800-800-2727,safelite.com,"https://www.google.com/maps?q=28.336975,-81.397433","repair, mechanic",,OSM,node/5320877794,28.3369754,-81.3974328
saint-pete-garage-fl,Saint Pete Garage,Repair Shops (XJ/Jeep-Friendly),Saint Petersburg,FL,"501, 49th Street South, Saint Petersburg, FL, 33707",+1-727-498-8766,https://www.stpetegaragefl.com/,"https://www.google.com/maps?q=27.766157,-82.700083","repair, mechanic",,OSM,node/6618517490,27.7661569,-82.7000833
scotty-s-automotive-fl,Scotty's Automotive,Repair Shops (XJ/Jeep-Friendly),Fort Myers,FL,"15610, McGregor Boulevard, Fort Myers, FL, 33908",+1-239-415-1996,https://www.scottyautomotive.com/,"https://www.google.com/maps?q=26.515217,-81.948623","repair, mechanic",,OSM,way/512992980,26.5152166,-81.9486227
sears-auto-center-fl,Sears Auto Center,Repair Shops (XJ/Jeep-Friendly),Pinellas Park,FL,"6500, 34th Street North, Pinellas Park, FL, 33781",+1-727-528-2811,,"https://www.google.com/maps?q=27.831554,-82.680682","repair, mechanic",,OSM,way/128965422,27.831554,-82.6806816
sl-sons-auto-repair-fl,Sl & Sons - Auto Repair,Repair Shops (XJ/Jeep-Friendly),,FL,"901, 16th Street North, FL",+1-727-822-3551,,"https://www.google.com/maps?q=27.781345,-82.654648","repair, mechanic",,OSM,node/3834878349,27.7813447,-82.6546485
snap-a-dent-fl,Snap-a-Dent,Repair Shops (XJ/Jeep-Friendly),,FL,"2700, Northwest 72nd Avenue, FL, 33122",,https://snapadent.com/,"https://www.google.com/maps?q=25.799202,-80.313467","repair, mechanic",,OSM,node/10900971505,25.7992022,-80.3134668
south-motors-collision-center-fl,South Motors Collision Center,Repair Shops (XJ/Jeep-Friendly),Miami,FL,"9720, Southwest 170th Street, Miami, FL, 33157",,https://southmotorscollision.com/,"https://www.google.com/maps?q=25.611590,-80.350297","repair, mechanic",,OSM,node/6020449932,25.6115903,-80.3502974
sparkshift-customs-fl,SparkShift Customs,Repair Shops (XJ/Jeep-Friendly),Naples,FL,"2591, White Boulevard, Naples, FL, 34117",+1-718-689-2220,,"https://www.google.com/maps?q=26.214170,-81.658403","repair, mechanic",,OSM,node/13425468002,26.2141702,-81.6584034
spartan-tank-florida-fl,Spartan Tank Florida,Repair Shops (XJ/Jeep-Friendly),Tampa,FL,"5801, East Broadway Avenue, Tampa, FL, 33619",+1-813-621-5434,https://www.spartantank.com/,"https://www.google.com/maps?q=27.963909,-82.390649","repair, mechanic",,OSM,node/11927650431,27.9639087,-82.3906489
splash-car-wash-lube-fl,Splash Car Wash & Lube,Repair Shops (XJ/Jeep-Friendly),Brandon,FL,"802, West Bloomingdale Avenue, Brandon, FL, 33511",+1-813-661-4777,http://splashbrandon.com/,"https://www.google.com/maps?q=27.893962,-82.294501","repair, mechanic",,OSM,way/350991860,27.8939618,-82.2945008
sport-mazda-north-service-fl,Sport Mazda North Service,Repair Shops (XJ/Jeep-Friendly),Longwood,FL,"400 N, US 17-92, Longwood, FL, 32750",+1-321-300-7279,https://www.sportmazdanorthorlando.com/,"https://www.google.com/maps?q=28.703641,-81.327738","repair, mechanic",,OSM,node/13362862782,28.7036413,-81.3277376
stadium-toyota-fl,Stadium Toyota,Repair Shops (XJ/Jeep-Friendly),Tampa,FL,"5088, North Dale Mabry Highway, Tampa, FL, 33614",+1-813-358-1257,https://www.stadiumtoyota.com/toyota-service-center-in-tampa-fl.htm,"https://www.google.com/maps?q=27.992537,-82.506344","repair, mechanic",,OSM,node/10731500529,27.9925368,-82.5063439
stage-3-automotive-fl,Stage 3 Automotive,Repair Shops (XJ/Jeep-Friendly),,FL,FL,+1-407-291-2552,,"https://www.google.com/maps?q=28.551937,-81.451862","repair, mechanic",,OSM,way/832702122,28.551937,-81.451862
subaru-of-jacksonville-service-department-fl,Subaru of Jacksonville Service Department,Repair Shops (XJ/Jeep-Friendly),,FL,"10800, Atlantic Boulevard, FL, 32225",+1-904-263-4569,https://www.subaruofjacksonville.com/service-department/,"https://www.google.com/maps?q=30.323228,-81.520243","repair, mechanic",,OSM,node/11457499469,30.3232281,-81.5202433
sunbelt-transmissions-fl,Sunbelt Transmissions,Repair Shops (XJ/Jeep-Friendly),Tampa,FL,"13215, Memorial Highway, Tampa, FL, 33635",+1-813-961-5560,https://www.sunbelttransmissions.net/,"https://www.google.com/maps?q=28.031084,-82.639003","repair, mechanic",,OSM,node/6649105384,28.0310845,-82.6390031
sunshine-automotive-inc-fl,Sunshine Automotive Inc,Repair Shops (XJ/Jeep-Friendly),,FL,"363, 16th Street North, FL",+1 727-823-7191,https://www.sunshineautomotiveinc.com/_index.php,"https://www.google.com/maps?q=27.775285,-82.654543","repair, mechanic",,OSM,node/3834878350,27.7752845,-82.6545427
super-dave-tire-shop-fl,Super Dave Tire Shop,Repair Shops (XJ/Jeep-Friendly),,FL,"6323, South Dale Mabry Highway, FL, 33611",+1-813-304-0185,,"https://www.google.com/maps?q=27.874187,-82.506604","repair, mechanic",,OSM,node/12535310402,27.8741874,-82.5066041
t-t-auto-repair-fl,T & T Auto Repair,Repair Shops (XJ/Jeep-Friendly),Dunedin,FL,"481, Patricia Avenue, Dunedin, FL, 34698",+1 727 7361644,http://tandtautorepair.com,"https://www.google.com/maps?q=28.005995,-82.775219","repair, mechanic",,OSM,node/4223333656,28.005995,-82.7752187
take-5-oil-change-fl-2,Take 5 Oil Change,Repair Shops (XJ/Jeep-Friendly),Clearwater,FL,"2070, Gulf to Bay Boulevard, Clearwater, FL, 33765",+1-727-219-2698,https://www.take5.com/locations/oil-change/florida/clearwater/30357/,"https://www.google.com/maps?q=27.960865,-82.751440","repair, mechanic",,OSM,way/525275078,27.9608649,-82.7514401
take-5-oil-change-fl,Take 5 Oil Change,Repair Shops (XJ/Jeep-Friendly),Holiday,FL,"1525, US Highway 19, Holiday, FL, 34690",+1-813-586-2296,https://www.take5.com/locations/oil-change/florida/holiday/30417/?utm_source=google&utm_medium=organic&utm_campaign=gbp_website,"https://www.google.com/maps?q=28.181637,-82.740827","repair, mechanic",,OSM,way/1190732937,28.1816366,-82.7408271
tampa-mobile-rv-repair-fl,Tampa Mobile RV Repair,Repair Shops (XJ/Jeep-Friendly),Tampa,FL,"5001, Nebraska Avenue, Tampa, FL, 33603",+1-813-412-6707,https://mobilervrepairtampa.com/,"https://www.google.com/maps?q=27.990501,-82.450778","repair, mechanic",,OSM,node/6621930456,27.9905009,-82.4507784
the-burg-automotive-fl,The Burg Automotive,Repair Shops (XJ/Jeep-Friendly),,FL,"4590, 49th Street North, FL, 33709",+1-727-527-9622,https://theburgauto.com/,"https://www.google.com/maps?q=27.813562,-82.700385","repair, mechanic",,OSM,node/13439855601,27.8135616,-82.7003851
the-car-port-specialist-of-belle-isle-ll-fl,The Car Port Specialist of Belle Isle ll,Repair Shops (XJ/Jeep-Friendly),Orlando,FL,"5242, South Orange Avenue, Orlando, FL, 32809",+1-407-927-9547,https://thecarportspecialistllc.com,"https://www.google.com/maps?q=28.482980,-81.372582","repair, mechanic",,OSM,node/10097090287,28.48298,-81.3725825
the-tire-choice-fl,The Tire Choice,Repair Shops (XJ/Jeep-Friendly),Boca Raton,FL,"22923, Sandalfoot Plaza Drive, Boca Raton, FL, 33428",+1 561-287-6715,https://www.thetirechoice.com/,"https://www.google.com/maps?q=26.334668,-80.202211","repair, mechanic",,OSM,way/295166112,26.3346676,-80.2022109
tim-s-custom-tinting-fl,Tim's Custom Tinting,Repair Shops (XJ/Jeep-Friendly),Orlando,FL,"11461, South Orange Blossom Trail, Orlando, FL, 32837",+1-407-438-8989,http://www.timscustomtint.com,"https://www.google.com/maps?q=28.400802,-81.403857","repair, mechanic",,OSM,node/5795842566,28.4008024,-81.4038574
tint-world-fl,Tint World,Repair Shops (XJ/Jeep-Friendly),North Miami Beach,FL,"1581, Northeast 163rd Street, North Miami Beach, FL, 33162",+1-305-504-8687,https://www.tintworld.com/locations/fl/miami-048/,"https://www.google.com/maps?q=25.926051,-80.168371","repair, mechanic",,OSM,node/13163307707,25.9260512,-80.1683714
tire-kingdom-fl,Tire Kingdom,Repair Shops (XJ/Jeep-Friendly),Largo,FL,"S Belcher Rd, Largo, FL, 33773",+1-800-423-5464,,"https://www.google.com/maps?q=27.896911,-82.746297","repair, mechanic",,OSM,node/1990977099,27.896911,-82.746297
transmission-doctor-fl,Transmission Doctor,Repair Shops (XJ/Jeep-Friendly),North Lauderdale,FL,"7548, West McNab Road, North Lauderdale, FL, 33068",+1-954-721-5531,https://www.transmissiondoctor.com/,"https://www.google.com/maps?q=26.207627,-80.226838","repair, mechanic",,OSM,node/5901795444,26.2076273,-80.2268382
transmission-service-center-fl,Transmission Service Center,Repair Shops (XJ/Jeep-Friendly),Lauderhill,FL,"4897, North University Drive #A, Lauderhill, FL, 33351",+1-954-578-5050,http://transctr.com,"https://www.google.com/maps?q=26.185864,-80.252411","repair, mechanic",,OSM,node/4545928688,26.1858642,-80.2524111
trico-transmission-fl,Trico Transmission,Repair Shops (XJ/Jeep-Friendly),Largo,FL,"1125, Starkey Road, Largo, FL, 33771",+1-727-535-7832,https://www.tricotrans.com/,"https://www.google.com/maps?q=27.907180,-82.761673","repair, mechanic",,OSM,way/524125557,27.9071802,-82.7616728
tuffy-tire-auto-service-center-fl,Tuffy Tire & Auto Service Center,Repair Shops (XJ/Jeep-Friendly),Saint Johns,FL,"2770, Race Track Road, Saint Johns, FL, 32259",+1-904-230-3363,,"https://www.google.com/maps?q=30.112462,-81.588313","repair, mechanic",,OSM,node/12401360441,30.1124621,-81.5883134
ultimate-auto-repair-fl,Ultimate Auto Repair,Repair Shops (XJ/Jeep-Friendly),Largo,FL,"3230, East Bay Drive, Largo, FL, 33771",,https://uarperformance.com/contact-us,"https://www.google.com/maps?q=27.916940,-82.753433","repair, mechanic",,OSM,way/524994799,27.9169397,-82.7534328
valvoline-fl,Valvoline,Repair Shops (XJ/Jeep-Friendly),,FL,FL,,https://store.vioc.com/fl/miami/oil-change-gq0056.html,"https://www.google.com/maps?q=25.605628,-80.351384","repair, mechanic",,OSM,way/1188982954,25.6056277,-80.3513839
valvoline-instant-oil-change-fl,Valvoline Instant Oil Change,Repair Shops (XJ/Jeep-Friendly),North Miami,FL,"1600, Northeast 123rd Street, North Miami, FL, 33181",,https://store.vioc.com/fl/northmiami/oil-change-gq0049.html,"https://www.google.com/maps?q=25.889031,-80.165790","repair, mechanic",,OSM,node/6106301874,25.8890311,-80.1657899
valvoline-instant-oil-change-fl-2,Valvoline Instant Oil Change,Repair Shops (XJ/Jeep-Friendly),Miami,FL,"15203, Southwest 104th Street, Miami, FL, 33196",,https://store.vioc.com/fl/miami/oil-change-gq0030.html,"https://www.google.com/maps?q=25.670288,-80.440759","repair, mechanic",,OSM,way/435579007,25.670288,-80.4407588
viking-auto-electric-air-fl,Viking Auto Electric & Air,Repair Shops (XJ/Jeep-Friendly),Jacksonville,FL,"4521, Sunbeam Road, Jacksonville, FL, 32257",+1-904-731-5065,https://www.vikingautoelectric.com/,"https://www.google.com/maps?q=30.206278,-81.598634","repair, mechanic",,OSM,node/4540634195,30.206278,-81.5986337
volvo-bomnin-fl,Volvo Bomnin,Repair Shops (XJ/Jeep-Friendly),Miami,FL,"8105, Southwest 70th Avenue, Miami, FL, 33143",+1-305-677-0641,,"https://www.google.com/maps?q=25.695129,-80.305610","repair, mechanic",,OSM,way/435732250,25.6951286,-80.3056104
walter-s-automotive-service-center-fl,Walter's Automotive Service Center,Repair Shops (XJ/Jeep-Friendly),Fort Myers,FL,"15135, McGregor Boulevard, Fort Myers, FL, 33908",,https://www.waltersautoservice.com/,"https://www.google.com/maps?q=26.522143,-81.937992","repair, mechanic",,OSM,way/502889393,26.5221432,-81.9379919
west-miami-paint-and-body-shop-fl,West Miami Paint and Body Shop,Repair Shops (XJ/Jeep-Friendly),West Miami,FL,"6468, Southwest 8th Street, West Miami, FL, 33144",+1-305-266-5226,,"https://www.google.com/maps?q=25.762977,-80.301363","repair, mechanic",,OSM,node/6060697736,25.7629774,-80.3013632
xclusive-window-tinting-fl,Xclusive Window Tinting,Repair Shops (XJ/Jeep-Friendly),Orlando,FL,"755, Bennett Road, Orlando, FL, 32803",+1-407-495-6666,https://xclusivewindowtinting.com/,"https://www.google.com/maps?q=28.555647,-81.333236","repair, mechanic",,OSM,node/13438464252,28.5556468,-81.3332355
xpress-auto-care-fl,Xpress Auto Care,Repair Shops (XJ/Jeep-Friendly),Tampa,FL,"6333, N Dale Mabry Hwy, Tampa, FL, 33614",+1 813-870-6919,http://xpressautocarefl.com,"https://www.google.com/maps?q=28.006053,-82.504506","repair, mechanic",,OSM,node/6261679334,28.0060534,-82.5045058
xtreme-care-body-shop-fl,Xtreme Care Body Shop,Repair Shops (XJ/Jeep-Friendly),Miami,FL,"12596, Southwest 128th Street, Miami, FL, 33186",+1-305-255-5777,,"https://www.google.com/maps?q=25.649116,-80.398009","repair, mechanic",,OSM,node/2552834515,25.6491158,-80.3980094
your-mechanic-813-fl,Your Mechanic 813,Repair Shops (XJ/Jeep-Friendly),Brandon,FL,"206, East Robertson Street, Brandon, FL, 33511",+1-813-685-1353,https://yourmechanic813.com,"https://www.google.com/maps?q=27.935958,-82.283883","repair, mechanic",,OSM,node/13447284952,27.9359576,-82.2838833
all-florida-scrap-metals-inc-fl,"All Florida Scrap Metals, Inc.",Salvage Yards and Junkyards (Used Jeep Parts),Miami,FL,"2710, Northwest 32nd Avenue, Miami, FL, 33142",+1-305-633-2241,www.AllFloridaScrap.com,"https://www.google.com/maps?q=25.800761,-80.248602","salvage, junkyard, used-parts",,OSM,node/13416444552,25.8007609,-80.2486024
boneyard-fl,Boneyard,Salvage Yards and Junkyards (Used Jeep Parts),Lake Buena Vista,FL,"Lake Buena Vista, FL",,,"https://www.google.com/maps?q=28.422877,-81.574553","salvage, junkyard, used-parts",,OSM,way/700885765,28.4228765,-81.5745529
cash-junk-cars-miami-fl,Cash Junk Cars Miami,Salvage Yards and Junkyards (Used Jeep Parts),Opa-locka,FL,"12875, Alexandria Drive, Opa-locka, FL, 33054",+1-305-209-2044,http://cashjunkcarsmiami.com/,"https://www.google.com/maps?q=25.892021,-80.254241","salvage, junkyard, used-parts",,OSM,node/6037096835,25.8920208,-80.2542408
delray-scrap-recycling-fl,Delray Scrap Recycling,Salvage Yards and Junkyards (Used Jeep Parts),,FL,FL,,,"https://www.google.com/maps?q=26.458752,-80.092447","salvage, junkyard, used-parts",,OSM,node/12818416746,26.4587524,-80.0924474
big-john-s-brake-and-alignment-service-fl,Big John's Brake and Alignment Service,"Suspension, Alignment, and Lift Install",,FL,"1210, 1st Avenue North, FL",+1-727-822-3108,,"https://www.google.com/maps?q=27.771794,-82.650986","suspension, alignment, lift",,OSM,node/6925540985,27.7717936,-82.6509858
sew-right-upholstery-fl,Sew Right Upholstery,"Upholstery and Interior (Headliners, Seats)",Tampa,FL,"5003, North 40th Street, Tampa, FL, 33610",+1 813 325 3213,https://sewrightupholstery.wixsite.com/website,"https://www.google.com/maps?q=27.990881,-82.413664","upholstery, interior",,OSM,node/13410718218,27.9908814,-82.4136645
